#
# A fatal error has been detected by the Java Runtime Environment:
#
#  EXCEPTION_ACCESS_VIOLATION (0xc0000005) at pc=0x00007ffcea92a221, pid=2368, tid=460
#
# JRE version: OpenJDK Runtime Environment (21.0.7) (build 21.0.7+-13880790-b1038.58)
# Java VM: OpenJDK 64-Bit Server VM (21.0.7+-13880790-b1038.58, mixed mode, tiered, compressed oops, compressed class ptrs, g1 gc, windows-amd64)
# Problematic frame:
# V  [jvm.dll+0x13a221]
#
# No core dump will be written. Minidumps are not enabled by default on client versions of Windows
#
# If you would like to submit a bug report, please visit:
#   https://youtrack.jetbrains.com/issues/JBR
#

---------------  S U M M A R Y ------------

Command Line: --add-opens=java.base/java.lang=ALL-UNNAMED --add-opens=java.base/java.lang.invoke=ALL-UNNAMED --add-opens=java.base/java.util=ALL-UNNAMED --add-opens=java.prefs/java.util.prefs=ALL-UNNAMED --add-exports=jdk.compiler/com.sun.tools.javac.api=ALL-UNNAMED --add-exports=jdk.compiler/com.sun.tools.javac.util=ALL-UNNAMED --add-opens=java.base/java.util=ALL-UNNAMED --add-opens=java.prefs/java.util.prefs=ALL-UNNAMED --add-opens=java.base/java.nio.charset=ALL-UNNAMED --add-opens=java.base/java.net=ALL-UNNAMED --add-opens=java.base/java.util.concurrent=ALL-UNNAMED --add-opens=java.base/java.util.concurrent.atomic=ALL-UNNAMED --add-opens=java.xml/javax.xml.namespace=ALL-UNNAMED -Xmx2048m -Dfile.encoding=UTF-8 -Duser.country=RU -Duser.language=ru -Duser.variant -javaagent:F:\AndroidStidioProjects\gradle\wrapper\dists\gradle-9.0-bin\3czi7dcr1pf879blyy9qczdy7\gradle-9.0.0\lib\agents\gradle-instrumentation-agent-9.0.0.jar org.gradle.launcher.daemon.bootstrap.GradleDaemon 9.0.0

Host: Intel(R) Core(TM) i5-4200H CPU @ 2.80GHz, 4 cores, 11G,  Windows 10 , 64 bit Build 19041 (10.0.19041.5915)
Time: Sat Nov 22 17:14:01 2025 RTZ 2 (s 10 , 64 bit Build 19041 (10.0.19041.5915) elapsed time: 269.213026 seconds (0d 0h 4m 29s)

---------------  T H R E A D  ---------------

Current thread (0x0000024ca0d9bc90):  WorkerThread "GC Thread#1"    [id=460, stack(0x000000cfeda00000,0x000000cfedb00000) (1024K)]

Stack: [0x000000cfeda00000,0x000000cfedb00000],  sp=0x000000cfedaff3b8,  free space=1020k
Native frames: (J=compiled Java code, j=interpreted, Vv=VM code, C=native code)
V  [jvm.dll+0x13a221]


siginfo: EXCEPTION_ACCESS_VIOLATION (0xc0000005), reading address 0x0000000000000100


Registers:
RAX=0x0000000000000000, RBX=0x0000000000000001, RCX=0x000000010006eb48, RDX=0x000000009e38f158
RSP=0x000000cfedaff3b8, RBP=0x000000000000f3fe, RSI=0x0000024c89b49210, RDI=0x0000000000000001
R8 =0x000000010006eb48, R9 =0x0000000000000000, R10=0x000000009e38f158, R11=0x0000000000000001
R12=0x0000000000000020, R13=0x000000010006eb48, R14=0x000000009e38f158, R15=0x0000024ca9cf7e60
RIP=0x00007ffcea92a221, EFLAGS=0x0000000000010246

XMM[0]=0x000000102000dabf 0x0000000000000051
XMM[1]=0xa5ea7c5800000000 0x0000000000000000
XMM[2]=0x0000000000000000 0x0000000000000000
XMM[3]=0x0000000000000000 0x4070ce93f9e7b80a
XMM[4]=0x0000000000000000 0x0000000000000000
XMM[5]=0x0000000000000000 0x0000000000000000
XMM[6]=0x0000000000000000 0x0000000000000000
XMM[7]=0x0000000000000000 0x0000000000000000
XMM[8]=0x0000000000000000 0x0000000000000000
XMM[9]=0x0000000000000000 0x0000000000000000
XMM[10]=0x0000000000000000 0x0000000000000000
XMM[11]=0x0000000000000000 0x0000000000000000
XMM[12]=0x0000000000000000 0x0000000000000000
XMM[13]=0x0000000000000000 0x0000000000000000
XMM[14]=0x0000000000000000 0x0000000000000000
XMM[15]=0x0000000000000000 0x0000000000000000
  MXCSR=0x00001fa0


Register to memory mapping:

RAX=0x0 is null
RBX=0x0000000000000001 is an unknown value
RCX=0x000000010006eb48 is pointing into metadata
RDX=
[error occurred during error reporting (printing register info), id 0xc0000005, EXCEPTION_ACCESS_VIOLATION (0xc0000005) at pc=0x00007ffcea92a1b6]
RSP=0x000000cfedaff3b8 points into unknown readable memory: 0x00007ffceab47f9b | 9b 7f b4 ea fc 7f 00 00
RBP=0x000000000000f3fe is an unknown value
RSI=0x0000024c89b49210 points into unknown readable memory: 0x0000000000000000 | 00 00 00 00 00 00 00 00
RDI=0x0000000000000001 is an unknown value
R8 =0x000000010006eb48 is pointing into metadata
R9 =0x0 is null
R10=
[error occurred during error reporting (printing register info, attempt 2), id 0xc0000005, EXCEPTION_ACCESS_VIOLATION (0xc0000005) at pc=0x00007ffcea92a1b6]
R11=0x0000000000000001 is an unknown value
R12=0x0000000000000020 is an unknown value
R13=0x000000010006eb48 is pointing into metadata
R14=
[error occurred during error reporting (printing register info, attempt 3), id 0xc0000005, EXCEPTION_ACCESS_VIOLATION (0xc0000005) at pc=0x00007ffcea92a1b6]
Top of Stack: (sp=0x000000cfedaff3b8)
0x000000cfedaff3b8:   00007ffceab47f9b 0000000000000029
0x000000cfedaff3c8:   0000000000000029 0000000000000006
0x000000cfedaff3d8:   0000024c9c0b08d1 0000024c0000000a
0x000000cfedaff3e8:   0000024c00000000 0000024cacb97320
0x000000cfedaff3f8:   00007ffceaf048eb 0000024ca9cf7e78
0x000000cfedaff408:   0000024cadd71cf0 00000000000024c9
0x000000cfedaff418:   0000000000000000 0000000000000040
0x000000cfedaff428:   0000024ca50fc750 0000000000000020
0x000000cfedaff438:   000000008d01c5cc 0000024c89b49210
0x000000cfedaff448:   000000000000f3fe 0000024ca9cf7e60
0x000000cfedaff458:   00007ffceab4920a 0000024ca9cf0000
0x000000cfedaff468:   0000024c89b40001 0000000000000000
0x000000cfedaff478:   0000000000000029 000000008d01c000
0x000000cfedaff488:   0000000000000800 000000cfedaff680
0x000000cfedaff498:   000000008d000000 000000008d020000
0x000000cfedaff4a8:   00007ffceab458ce 0000000089b07c00
0x000000cfedaff4b8:   0000024ca9cf7e60 000000008d020000
0x000000cfedaff4c8:   00007ffceab50f8b 00000000a04d622d
0x000000cfedaff4d8:   000000aeeae14536 000000cfedaff530
0x000000cfedaff4e8:   000000aeeadee92e 0000024cacb86840
0x000000cfedaff4f8:   00007ffceab5291c 0000024cacb86840
0x000000cfedaff508:   000000008d000000 000000cfedaff680
0x000000cfedaff518:   00007ffceaebb03f 000000008d01c000
0x000000cfedaff528:   0000000000000800 00007ffceb1636f8
0x000000cfedaff538:   0000000000000000 0000024c89b40a10
0x000000cfedaff548:   0000024ca9cf7e60 000000cfedaff6d0
0x000000cfedaff558:   00007ffceb003fb7 00000000000000d0
0x000000cfedaff568:   0000024ca0b81a60 0000024c9c0f8100
0x000000cfedaff578:   00007ffceab545e9 000000cfedaff680
0x000000cfedaff588:   0000000000000000 0000024c9c0f8100
0x000000cfedaff598:   0000024c8785c020 0000000000000000
0x000000cfedaff5a8:   0000000000000000 0000024c89b23a70 

Instructions: (pc=0x00007ffcea92a221)
0x00007ffcea92a121:   08 8b 0d f0 ad 9f 00 49 d3 e0 4c 03 05 de ad 9f
0x00007ffcea92a131:   00 eb 04 4c 8b 41 08 45 8b 48 08 45 85 c9 7e 0e
0x00007ffcea92a141:   41 f6 c1 01 75 53 41 c1 f9 03 49 63 c1 c3 79 49
0x00007ffcea92a151:   84 c0 41 b8 0c 00 00 00 8b 05 a9 be 9f 00 b9 10
0x00007ffcea92a161:   00 00 00 41 0f 45 c8 ff c8 4c 63 c0 41 8b c1 48
0x00007ffcea92a171:   c1 f8 10 0f b6 c0 48 63 14 11 41 8b c9 83 e1 3f
0x00007ffcea92a181:   48 d3 e2 49 8d 0c 10 49 f7 d0 48 03 c1 49 c1 e8
0x00007ffcea92a191:   03 48 c1 e8 03 49 23 c0 c3 49 8b 00 49 8b c8 48
0x00007ffcea92a1a1:   ff a0 00 01 00 00 cc cc cc cc cc cc cc cc cc 4c
0x00007ffcea92a1b1:   8b c2 48 8b d1 45 8b 48 08 45 85 c9 7e 0e 41 f6
0x00007ffcea92a1c1:   c1 01 75 56 41 c1 f9 03 49 63 c1 c3 79 4c 80 3d
0x00007ffcea92a1d1:   42 c0 9f 00 00 b8 0c 00 00 00 b9 10 00 00 00 0f
0x00007ffcea92a1e1:   45 c8 8b 05 1f be 9f 00 ff c8 4c 63 c0 41 8b c1
0x00007ffcea92a1f1:   48 c1 f8 10 48 63 14 11 41 8b c9 83 e1 3f 0f b6
0x00007ffcea92a201:   c0 48 d3 e2 49 8d 0c 10 49 f7 d0 48 03 c1 49 c1
0x00007ffcea92a211:   e8 03 48 c1 e8 03 49 23 c0 c3 49 8b 00 49 8b c8
0x00007ffcea92a221:   48 ff a0 00 01 00 00 cc cc cc cc cc cc cc cc 40
0x00007ffcea92a231:   53 48 83 ec 20 48 8b d9 49 8b c0 33 c9 45 0f b6
0x00007ffcea92a241:   c1 48 89 0b 48 89 4b 08 48 8b cb 48 89 53 10 48
0x00007ffcea92a251:   8b d0 e8 28 09 00 00 48 8b c3 48 83 c4 20 5b c3
0x00007ffcea92a261:   cc cc cc cc cc cc cc cc cc cc cc cc cc cc cc 40
0x00007ffcea92a271:   53 48 83 ec 20 33 c0 44 88 41 10 45 0f b6 c1 48
0x00007ffcea92a281:   89 01 48 89 41 08 48 8b d9 e8 01 0a 00 00 48 8b
0x00007ffcea92a291:   c3 48 83 c4 20 5b c3 cc cc cc cc cc cc cc cc 40
0x00007ffcea92a2a1:   53 48 83 ec 20 33 c0 48 8b d9 48 89 01 48 89 41
0x00007ffcea92a2b1:   08 e8 99 0b 00 00 48 8b c3 48 83 c4 20 5b c3 48
0x00007ffcea92a2c1:   8b c1 48 8b 09 48 85 c9 74 3c 48 8b 40 08 48 83
0x00007ffcea92a2d1:   c0 3f 48 c1 e8 06 48 8d 14 c5 00 00 00 00 48 3b
0x00007ffcea92a2e1:   15 a2 c2 9f 00 0f 82 c4 04 f8 ff 48 8b 05 45 81
0x00007ffcea92a2f1:   a7 00 48 ff ca 48 03 d0 48 ff c8 48 f7 d0 48 23
0x00007ffcea92a301:   d0 e9 49 ac 58 00 c3 cc cc cc cc cc cc cc cc 48
0x00007ffcea92a311:   83 ec 38 48 8d 0c cd 00 00 00 00 48 3b 0d 65 c2 


Stack slot to memory mapping:

stack at sp + 0 slots: 0x00007ffceab47f9b jvm.dll
stack at sp + 1 slots: 0x0000000000000029 is an unknown value
stack at sp + 2 slots: 0x0000000000000029 is an unknown value
stack at sp + 3 slots: 0x0000000000000006 is an unknown value
stack at sp + 4 slots: 0x0000024c9c0b08d1 points into unknown readable memory: ff ff ff ff ff ff ff
stack at sp + 5 slots: 0x0000024c0000000a is an unknown value
stack at sp + 6 slots: 0x0000024c00000000 is an unknown value
stack at sp + 7 slots: 0x0000024cacb97320 points into unknown readable memory: 0x00000000a5e00000 | 00 00 e0 a5 00 00 00 00


---------------  P R O C E S S  ---------------

Threads class SMR info:
_java_thread_list=0x0000024cabe38030, length=56, elements={
0x0000024c87881540, 0x0000024ca0a58590, 0x0000024ca0a5c280, 0x0000024ca0a87970,
0x0000024ca0a684a0, 0x0000024ca0a68b10, 0x0000024ca0a69570, 0x0000024ca0a69fd0,
0x0000024ca0a6b500, 0x0000024ca0a70760, 0x0000024ca0d96df0, 0x0000024ca917d010,
0x0000024ca8b6a490, 0x0000024ca9cc13e0, 0x0000024ca9cba5d0, 0x0000024ca9cbac40,
0x0000024ca9c7d330, 0x0000024ca9d3d020, 0x0000024ca9d73810, 0x0000024ca9d710b0,
0x0000024ca9d73180, 0x0000024ca9d73ea0, 0x0000024ca9d71740, 0x0000024ca9d74530,
0x0000024caa7aba10, 0x0000024caa7a9940, 0x0000024caa7aa660, 0x0000024caa7ab380,
0x0000024caa7a9fd0, 0x0000024caa7aee90, 0x0000024caa7a92b0, 0x0000024caa7aacf0,
0x0000024caa7ac0a0, 0x0000024caa7ac730, 0x0000024caa7acdc0, 0x0000024caa7ae170,
0x0000024caa7af520, 0x0000024caa7a8c20, 0x0000024caa7b0240, 0x0000024cacb52060,
0x0000024cacb54130, 0x0000024cacb547c0, 0x0000024cacb54e50, 0x0000024cacb554e0,
0x0000024cacb56890, 0x0000024cacb55b70, 0x0000024cab5efa20, 0x0000024cab5ee670,
0x0000024cab5fb1e0, 0x0000024cab5f9110, 0x0000024cab5fb870, 0x0000024cab5f5600,
0x0000024cab5f5c90, 0x0000024cacb52d80, 0x0000024cacb59680, 0x0000024cacb53410
}

Java Threads: ( => current thread )
  0x0000024c87881540 JavaThread "main"                              [_thread_blocked, id=5212, stack(0x000000cfec800000,0x000000cfec900000) (1024K)]
  0x0000024ca0a58590 JavaThread "Common-Cleaner"             daemon [_thread_blocked, id=5548, stack(0x000000cfed000000,0x000000cfed100000) (1024K)]
  0x0000024ca0a5c280 JavaThread "Reference Handler"          daemon [_thread_blocked, id=5932, stack(0x000000cfed100000,0x000000cfed200000) (1024K)]
  0x0000024ca0a87970 JavaThread "Finalizer"                  daemon [_thread_blocked, id=6480, stack(0x000000cfed200000,0x000000cfed300000) (1024K)]
  0x0000024ca0a684a0 JavaThread "Signal Dispatcher"          daemon [_thread_blocked, id=11496, stack(0x000000cfed300000,0x000000cfed400000) (1024K)]
  0x0000024ca0a68b10 JavaThread "Attach Listener"            daemon [_thread_blocked, id=8404, stack(0x000000cfed400000,0x000000cfed500000) (1024K)]
  0x0000024ca0a69570 JavaThread "Service Thread"             daemon [_thread_blocked, id=4908, stack(0x000000cfed500000,0x000000cfed600000) (1024K)]
  0x0000024ca0a69fd0 JavaThread "Monitor Deflation Thread"   daemon [_thread_blocked, id=1924, stack(0x000000cfed600000,0x000000cfed700000) (1024K)]
  0x0000024ca0a6b500 JavaThread "C2 CompilerThread0"         daemon [_thread_blocked, id=10388, stack(0x000000cfed700000,0x000000cfed800000) (1024K)]
  0x0000024ca0a70760 JavaThread "C1 CompilerThread0"         daemon [_thread_blocked, id=12156, stack(0x000000cfed800000,0x000000cfed900000) (1024K)]
  0x0000024ca0d96df0 JavaThread "Notification Thread"        daemon [_thread_blocked, id=14300, stack(0x000000cfed900000,0x000000cfeda00000) (1024K)]
  0x0000024ca917d010 JavaThread "Daemon health stats"               [_thread_blocked, id=11696, stack(0x000000cfede00000,0x000000cfedf00000) (1024K)]
  0x0000024ca8b6a490 JavaThread "Incoming local TCP Connector on port 51983"        [_thread_in_native, id=11984, stack(0x000000cfedf00000,0x000000cfee000000) (1024K)]
  0x0000024ca9cc13e0 JavaThread "Daemon periodic checks"            [_thread_blocked, id=12404, stack(0x000000cfee000000,0x000000cfee100000) (1024K)]
  0x0000024ca9cba5d0 JavaThread "Daemon"                            [_thread_blocked, id=2752, stack(0x000000cfedd00000,0x000000cfede00000) (1024K)]
  0x0000024ca9cbac40 JavaThread "Handler for socket connection from /127.0.0.1:51983 to /127.0.0.1:51984"        [_thread_in_native, id=2724, stack(0x000000cfee100000,0x000000cfee200000) (1024K)]
  0x0000024ca9c7d330 JavaThread "Cancel handler"                    [_thread_blocked, id=6948, stack(0x000000cfee200000,0x000000cfee300000) (1024K)]
  0x0000024ca9d3d020 JavaThread "Daemon worker"                     [_thread_blocked, id=4036, stack(0x000000cfee300000,0x000000cfee400000) (1024K)]
  0x0000024ca9d73810 JavaThread "Asynchronous log dispatcher for DefaultDaemonConnection: socket connection from /127.0.0.1:51983 to /127.0.0.1:51984"        [_thread_blocked, id=11992, stack(0x000000cfee400000,0x000000cfee500000) (1024K)]
  0x0000024ca9d710b0 JavaThread "Stdin handler"                     [_thread_blocked, id=9568, stack(0x000000cfee500000,0x000000cfee600000) (1024K)]
  0x0000024ca9d73180 JavaThread "Daemon client event forwarder"        [_thread_blocked, id=4748, stack(0x000000cfee600000,0x000000cfee700000) (1024K)]
  0x0000024ca9d73ea0 JavaThread "Cache worker for journal cache (F:\AndroidStidioProjects\gradle\caches\journal-1)"        [_thread_blocked, id=7144, stack(0x000000cfee700000,0x000000cfee800000) (1024K)]
  0x0000024ca9d71740 JavaThread "File lock request listener"        [_thread_in_native, id=8912, stack(0x000000cfee800000,0x000000cfee900000) (1024K)]
  0x0000024ca9d74530 JavaThread "Cache worker for file hash cache (F:\AndroidStidioProjects\gradle\caches\9.0.0\fileHashes)"        [_thread_blocked, id=2408, stack(0x000000cfeea00000,0x000000cfeeb00000) (1024K)]
  0x0000024caa7aba10 JavaThread "Cache worker for file hash cache (C:\Users\Vlad1k\AndroidStudioProjects\GluMedic\.gradle\9.0.0\fileHashes)"        [_thread_blocked, id=13768, stack(0x000000cfee900000,0x000000cfeea00000) (1024K)]
  0x0000024caa7a9940 JavaThread "Cache worker for Build Output Cleanup Cache (C:\Users\Vlad1k\AndroidStudioProjects\GluMedic\.gradle\buildOutputCleanup)"        [_thread_blocked, id=5892, stack(0x000000cfeeb00000,0x000000cfeec00000) (1024K)]
  0x0000024caa7aa660 JavaThread "File watcher server"        daemon [_thread_in_native, id=8924, stack(0x000000cfeec00000,0x000000cfeed00000) (1024K)]
  0x0000024caa7ab380 JavaThread "File watcher consumer"      daemon [_thread_blocked, id=6076, stack(0x000000cfeed00000,0x000000cfeee00000) (1024K)]
  0x0000024caa7a9fd0 JavaThread "jar transforms"                    [_thread_blocked, id=2544, stack(0x000000cfec500000,0x000000cfec600000) (1024K)]
  0x0000024caa7aee90 JavaThread "jar transforms Thread 2"           [_thread_blocked, id=9268, stack(0x000000cfec600000,0x000000cfec700000) (1024K)]
  0x0000024caa7a92b0 JavaThread "jar transforms Thread 3"           [_thread_blocked, id=6012, stack(0x000000cfec700000,0x000000cfec800000) (1024K)]
  0x0000024caa7aacf0 JavaThread "jar transforms Thread 4"           [_thread_blocked, id=3444, stack(0x000000cfeee00000,0x000000cfeef00000) (1024K)]
  0x0000024caa7ac0a0 JavaThread "Cache worker for checksums cache (C:\Users\Vlad1k\AndroidStudioProjects\GluMedic\.gradle\9.0.0\checksums)"        [_thread_blocked, id=7616, stack(0x000000cfeef00000,0x000000cfef000000) (1024K)]
  0x0000024caa7ac730 JavaThread "Cache worker for file content cache (F:\AndroidStidioProjects\gradle\caches\9.0.0\fileContent)"        [_thread_blocked, id=13288, stack(0x000000cfef000000,0x000000cfef100000) (1024K)]
  0x0000024caa7acdc0 JavaThread "Cache worker for cache directory md-supplier (F:\AndroidStidioProjects\gradle\caches\9.0.0\md-supplier)"        [_thread_blocked, id=4996, stack(0x000000cfef200000,0x000000cfef300000) (1024K)]
  0x0000024caa7ae170 JavaThread "Cache worker for cache directory md-rule (F:\AndroidStidioProjects\gradle\caches\9.0.0\md-rule)"        [_thread_blocked, id=9560, stack(0x000000cfef300000,0x000000cfef400000) (1024K)]
  0x0000024caa7af520 JavaThread "Unconstrained build operations"        [_thread_blocked, id=5556, stack(0x000000cfef400000,0x000000cfef500000) (1024K)]
  0x0000024caa7a8c20 JavaThread "Unconstrained build operations Thread 2"        [_thread_blocked, id=4424, stack(0x000000cfef500000,0x000000cfef600000) (1024K)]
  0x0000024caa7b0240 JavaThread "Unconstrained build operations Thread 3"        [_thread_blocked, id=6368, stack(0x000000cfef600000,0x000000cfef700000) (1024K)]
  0x0000024cacb52060 JavaThread "Unconstrained build operations Thread 4"        [_thread_blocked, id=12916, stack(0x000000cfef700000,0x000000cfef800000) (1024K)]
  0x0000024cacb54130 JavaThread "Unconstrained build operations Thread 5"        [_thread_blocked, id=7120, stack(0x000000cfef900000,0x000000cfefa00000) (1024K)]
  0x0000024cacb547c0 JavaThread "Unconstrained build operations Thread 6"        [_thread_blocked, id=2180, stack(0x000000cfefa00000,0x000000cfefb00000) (1024K)]
  0x0000024cacb54e50 JavaThread "Unconstrained build operations Thread 7"        [_thread_blocked, id=6924, stack(0x000000cfefb00000,0x000000cfefc00000) (1024K)]
  0x0000024cacb554e0 JavaThread "Unconstrained build operations Thread 8"        [_thread_blocked, id=3708, stack(0x000000cfef100000,0x000000cfef200000) (1024K)]
  0x0000024cacb56890 JavaThread "Unconstrained build operations Thread 9"        [_thread_blocked, id=5868, stack(0x000000cfefc00000,0x000000cfefd00000) (1024K)]
  0x0000024cacb55b70 JavaThread "Unconstrained build operations Thread 10"        [_thread_blocked, id=13372, stack(0x000000cfefd00000,0x000000cfefe00000) (1024K)]
  0x0000024cab5efa20 JavaThread "Kotlin DSL Writer"                 [_thread_blocked, id=8248, stack(0x000000cfef800000,0x000000cfef900000) (1024K)]
  0x0000024cab5ee670 JavaThread "Unconstrained build operations Thread 11"        [_thread_blocked, id=6028, stack(0x000000cfefe00000,0x000000cfeff00000) (1024K)]
  0x0000024cab5fb1e0 JavaThread "Unconstrained build operations Thread 12"        [_thread_blocked, id=3356, stack(0x000000cff0100000,0x000000cff0200000) (1024K)]
  0x0000024cab5f9110 JavaThread "Unconstrained build operations Thread 13"        [_thread_blocked, id=916, stack(0x000000cff0200000,0x000000cff0300000) (1024K)]
  0x0000024cab5fb870 JavaThread "Unconstrained build operations Thread 14"        [_thread_blocked, id=5412, stack(0x000000cff0300000,0x000000cff0400000) (1024K)]
  0x0000024cab5f5600 JavaThread "Unconstrained build operations Thread 15"        [_thread_blocked, id=11896, stack(0x000000cff0500000,0x000000cff0600000) (1024K)]
  0x0000024cab5f5c90 JavaThread "Unconstrained build operations Thread 16"        [_thread_blocked, id=5224, stack(0x000000cff0600000,0x000000cff0700000) (1024K)]
  0x0000024cacb52d80 JavaThread "Unconstrained build operations Thread 17"        [_thread_blocked, id=3108, stack(0x000000cff0400000,0x000000cff0500000) (1024K)]
  0x0000024cacb59680 JavaThread "Unconstrained build operations Thread 18"        [_thread_blocked, id=7484, stack(0x000000cff0700000,0x000000cff0800000) (1024K)]
  0x0000024cacb53410 JavaThread "Unconstrained build operations Thread 19"        [_thread_blocked, id=6920, stack(0x000000cff0800000,0x000000cff0900000) (1024K)]
Total: 56

Other Threads:
  0x0000024ca08ae500 VMThread "VM Thread"                           [id=4892, stack(0x000000cfecf00000,0x000000cfed000000) (1024K)]
  0x0000024ca0844bd0 WatcherThread "VM Periodic Task Thread"        [id=9452, stack(0x000000cfece00000,0x000000cfecf00000) (1024K)]
  0x0000024c89b85fd0 WorkerThread "GC Thread#0"                     [id=2600, stack(0x000000cfec900000,0x000000cfeca00000) (1024K)]
=>0x0000024ca0d9bc90 WorkerThread "GC Thread#1"                     [id=460, stack(0x000000cfeda00000,0x000000cfedb00000) (1024K)]
  0x0000024ca0d9c030 WorkerThread "GC Thread#2"                     [id=8880, stack(0x000000cfedb00000,0x000000cfedc00000) (1024K)]
  0x0000024ca0d9c3d0 WorkerThread "GC Thread#3"                     [id=7888, stack(0x000000cfedc00000,0x000000cfedd00000) (1024K)]
  0x0000024c89b97ee0 ConcurrentGCThread "G1 Main Marker"            [id=14308, stack(0x000000cfeca00000,0x000000cfecb00000) (1024K)]
  0x0000024c89b99740 WorkerThread "G1 Conc#0"                       [id=13028, stack(0x000000cfecb00000,0x000000cfecc00000) (1024K)]
  0x0000024ca07195b0 ConcurrentGCThread "G1 Refine#0"               [id=2164, stack(0x000000cfecc00000,0x000000cfecd00000) (1024K)]
  0x0000024ca0719dd0 ConcurrentGCThread "G1 Service"                [id=3436, stack(0x000000cfecd00000,0x000000cfece00000) (1024K)]
Total: 10

Threads with active compile tasks:
Total: 0

VM state: at safepoint (normal execution)

VM Mutex/Monitor currently owned by a thread:  ([mutex/lock_event])
[0x00007ffceb3a1468] Threads_lock - owner thread: 0x0000024ca08ae500
[0x00007ffceb3a1568] Heap_lock - owner thread: 0x0000024cacb59680

Heap address: 0x0000000080000000, size: 2048 MB, Compressed Oops mode: 32-bit

CDS archive(s) not mapped
Compressed class space mapped at: 0x0000000100000000-0x0000000140000000, reserved size: 1073741824
Narrow klass base: 0x0000000000000000, Narrow klass shift: 3, Narrow klass range: 0x140000000

GC Precious Log:
 CardTable entry size: 512
 Card Set container configuration: InlinePtr #cards 5 size 8 Array Of Cards #cards 12 size 40 Howl #buckets 4 coarsen threshold 1843 Howl Bitmap #cards 512 size 80 coarsen threshold 460 Card regions per heap region 1 cards per card region 2048
 CPUs: 4 total, 4 available
 Memory: 12175M
 Large Page Support: Disabled
 NUMA Support: Disabled
 Compressed Oops: Enabled (32-bit)
 Heap Region Size: 1M
 Heap Min Capacity: 8M
 Heap Initial Capacity: 192M
 Heap Max Capacity: 2G
 Pre-touch: Disabled
 Parallel Workers: 4
 Concurrent Workers: 1
 Concurrent Refinement Workers: 4
 Periodic GC: Disabled

Heap:
 garbage-first heap   total 670720K, used 615905K [0x0000000080000000, 0x0000000100000000)
  region size 1024K, 307 young (314368K), 29 survivors (29696K)
 Metaspace       used 168313K, committed 170368K, reserved 1245184K
  class space    used 21486K, committed 22528K, reserved 1048576K

Heap Regions: E=young(eden), S=young(survivor), O=old, HS=humongous(starts), HC=humongous(continues), CS=collection set, F=free, TAMS=top-at-mark-start, PB=parsable bottom
|   0|0x0000000080000000, 0x0000000080100000, 0x0000000080100000|100%|HS|  |TAMS 0x0000000080000000| PB 0x0000000080000000| Complete 
|   1|0x0000000080100000, 0x0000000080200000, 0x0000000080200000|100%|HC|  |TAMS 0x0000000080100000| PB 0x0000000080100000| Complete 
|   2|0x0000000080200000, 0x0000000080300000, 0x0000000080300000|100%|HC|  |TAMS 0x0000000080200000| PB 0x0000000080200000| Complete 
|   3|0x0000000080300000, 0x0000000080400000, 0x0000000080400000|100%| O|  |TAMS 0x0000000080300000| PB 0x0000000080300000| Untracked 
|   4|0x0000000080400000, 0x0000000080500000, 0x0000000080500000|100%| O|  |TAMS 0x0000000080400000| PB 0x0000000080400000| Untracked 
|   5|0x0000000080500000, 0x0000000080600000, 0x0000000080600000|100%| O|  |TAMS 0x0000000080500000| PB 0x0000000080500000| Untracked 
|   6|0x0000000080600000, 0x0000000080700000, 0x0000000080700000|100%|HS|  |TAMS 0x0000000080600000| PB 0x0000000080600000| Complete 
|   7|0x0000000080700000, 0x0000000080800000, 0x0000000080800000|100%| O|  |TAMS 0x0000000080700000| PB 0x0000000080700000| Untracked 
|   8|0x0000000080800000, 0x0000000080900000, 0x0000000080900000|100%| O|  |TAMS 0x0000000080800000| PB 0x0000000080800000| Untracked 
|   9|0x0000000080900000, 0x0000000080a00000, 0x0000000080a00000|100%| O|  |TAMS 0x0000000080900000| PB 0x0000000080900000| Untracked 
|  10|0x0000000080a00000, 0x0000000080b00000, 0x0000000080b00000|100%| O|  |TAMS 0x0000000080a00000| PB 0x0000000080a00000| Untracked 
|  11|0x0000000080b00000, 0x0000000080c00000, 0x0000000080c00000|100%| O|  |TAMS 0x0000000080b00000| PB 0x0000000080b00000| Untracked 
|  12|0x0000000080c00000, 0x0000000080d00000, 0x0000000080d00000|100%| O|  |TAMS 0x0000000080c00000| PB 0x0000000080c00000| Untracked 
|  13|0x0000000080d00000, 0x0000000080e00000, 0x0000000080e00000|100%| O|  |TAMS 0x0000000080d00000| PB 0x0000000080d00000| Untracked 
|  14|0x0000000080e00000, 0x0000000080f00000, 0x0000000080f00000|100%| O|  |TAMS 0x0000000080e00000| PB 0x0000000080e00000| Untracked 
|  15|0x0000000080f00000, 0x0000000081000000, 0x0000000081000000|100%| O|  |TAMS 0x0000000080f00000| PB 0x0000000080f00000| Untracked 
|  16|0x0000000081000000, 0x0000000081100000, 0x0000000081100000|100%| O|  |TAMS 0x0000000081000000| PB 0x0000000081000000| Untracked 
|  17|0x0000000081100000, 0x0000000081200000, 0x0000000081200000|100%| O|  |TAMS 0x0000000081100000| PB 0x0000000081100000| Untracked 
|  18|0x0000000081200000, 0x0000000081300000, 0x0000000081300000|100%| O|  |TAMS 0x0000000081200000| PB 0x0000000081200000| Untracked 
|  19|0x0000000081300000, 0x0000000081400000, 0x0000000081400000|100%| O|  |TAMS 0x0000000081300000| PB 0x0000000081300000| Untracked 
|  20|0x0000000081400000, 0x0000000081500000, 0x0000000081500000|100%| O|  |TAMS 0x0000000081400000| PB 0x0000000081400000| Untracked 
|  21|0x0000000081500000, 0x0000000081600000, 0x0000000081600000|100%| O|  |TAMS 0x0000000081500000| PB 0x0000000081500000| Untracked 
|  22|0x0000000081600000, 0x0000000081700000, 0x0000000081700000|100%| O|  |TAMS 0x0000000081600000| PB 0x0000000081600000| Untracked 
|  23|0x0000000081700000, 0x0000000081800000, 0x0000000081800000|100%|HS|  |TAMS 0x0000000081700000| PB 0x0000000081700000| Complete 
|  24|0x0000000081800000, 0x0000000081900000, 0x0000000081900000|100%|HC|  |TAMS 0x0000000081800000| PB 0x0000000081800000| Complete 
|  25|0x0000000081900000, 0x0000000081a00000, 0x0000000081a00000|100%|HC|  |TAMS 0x0000000081900000| PB 0x0000000081900000| Complete 
|  26|0x0000000081a00000, 0x0000000081b00000, 0x0000000081b00000|100%|HC|  |TAMS 0x0000000081a00000| PB 0x0000000081a00000| Complete 
|  27|0x0000000081b00000, 0x0000000081c00000, 0x0000000081c00000|100%|HC|  |TAMS 0x0000000081b00000| PB 0x0000000081b00000| Complete 
|  28|0x0000000081c00000, 0x0000000081d00000, 0x0000000081d00000|100%|HC|  |TAMS 0x0000000081c00000| PB 0x0000000081c00000| Complete 
|  29|0x0000000081d00000, 0x0000000081e00000, 0x0000000081e00000|100%|HS|  |TAMS 0x0000000081d00000| PB 0x0000000081d00000| Complete 
|  30|0x0000000081e00000, 0x0000000081f00000, 0x0000000081f00000|100%|HS|  |TAMS 0x0000000081e00000| PB 0x0000000081e00000| Complete 
|  31|0x0000000081f00000, 0x0000000082000000, 0x0000000082000000|100%|HC|  |TAMS 0x0000000081f00000| PB 0x0000000081f00000| Complete 
|  32|0x0000000082000000, 0x0000000082100000, 0x0000000082100000|100%|HC|  |TAMS 0x0000000082000000| PB 0x0000000082000000| Complete 
|  33|0x0000000082100000, 0x0000000082200000, 0x0000000082200000|100%|HC|  |TAMS 0x0000000082100000| PB 0x0000000082100000| Complete 
|  34|0x0000000082200000, 0x0000000082300000, 0x0000000082300000|100%|HS|  |TAMS 0x0000000082200000| PB 0x0000000082200000| Complete 
|  35|0x0000000082300000, 0x0000000082400000, 0x0000000082400000|100%|HC|  |TAMS 0x0000000082300000| PB 0x0000000082300000| Complete 
|  36|0x0000000082400000, 0x0000000082500000, 0x0000000082500000|100%|HS|  |TAMS 0x0000000082400000| PB 0x0000000082400000| Complete 
|  37|0x0000000082500000, 0x0000000082600000, 0x0000000082600000|100%|HS|  |TAMS 0x0000000082500000| PB 0x0000000082500000| Complete 
|  38|0x0000000082600000, 0x0000000082700000, 0x0000000082700000|100%|HC|  |TAMS 0x0000000082600000| PB 0x0000000082600000| Complete 
|  39|0x0000000082700000, 0x0000000082800000, 0x0000000082800000|100%|HC|  |TAMS 0x0000000082700000| PB 0x0000000082700000| Complete 
|  40|0x0000000082800000, 0x0000000082900000, 0x0000000082900000|100%|HC|  |TAMS 0x0000000082800000| PB 0x0000000082800000| Complete 
|  41|0x0000000082900000, 0x0000000082a00000, 0x0000000082a00000|100%|HC|  |TAMS 0x0000000082900000| PB 0x0000000082900000| Complete 
|  42|0x0000000082a00000, 0x0000000082b00000, 0x0000000082b00000|100%|HC|  |TAMS 0x0000000082a00000| PB 0x0000000082a00000| Complete 
|  43|0x0000000082b00000, 0x0000000082c00000, 0x0000000082c00000|100%|HS|  |TAMS 0x0000000082b00000| PB 0x0000000082b00000| Complete 
|  44|0x0000000082c00000, 0x0000000082d00000, 0x0000000082d00000|100%|HS|  |TAMS 0x0000000082c00000| PB 0x0000000082c00000| Complete 
|  45|0x0000000082d00000, 0x0000000082e00000, 0x0000000082e00000|100%|HC|  |TAMS 0x0000000082d00000| PB 0x0000000082d00000| Complete 
|  46|0x0000000082e00000, 0x0000000082f00000, 0x0000000082f00000|100%|HC|  |TAMS 0x0000000082e00000| PB 0x0000000082e00000| Complete 
|  47|0x0000000082f00000, 0x0000000083000000, 0x0000000083000000|100%|HC|  |TAMS 0x0000000082f00000| PB 0x0000000082f00000| Complete 
|  48|0x0000000083000000, 0x0000000083100000, 0x0000000083100000|100%|HS|  |TAMS 0x0000000083000000| PB 0x0000000083000000| Complete 
|  49|0x0000000083100000, 0x0000000083200000, 0x0000000083200000|100%|HC|  |TAMS 0x0000000083100000| PB 0x0000000083100000| Complete 
|  50|0x0000000083200000, 0x0000000083300000, 0x0000000083300000|100%|HS|  |TAMS 0x0000000083200000| PB 0x0000000083200000| Complete 
|  51|0x0000000083300000, 0x0000000083400000, 0x0000000083400000|100%| O|  |TAMS 0x0000000083300000| PB 0x0000000083300000| Untracked 
|  52|0x0000000083400000, 0x0000000083500000, 0x0000000083500000|100%| O|  |TAMS 0x0000000083400000| PB 0x0000000083400000| Untracked 
|  53|0x0000000083500000, 0x0000000083600000, 0x0000000083600000|100%| O|  |TAMS 0x0000000083500000| PB 0x0000000083500000| Untracked 
|  54|0x0000000083600000, 0x0000000083700000, 0x0000000083700000|100%| O|  |TAMS 0x0000000083600000| PB 0x0000000083600000| Untracked 
|  55|0x0000000083700000, 0x0000000083800000, 0x0000000083800000|100%| O|  |TAMS 0x0000000083700000| PB 0x0000000083700000| Untracked 
|  56|0x0000000083800000, 0x0000000083900000, 0x0000000083900000|100%| O|  |TAMS 0x0000000083800000| PB 0x0000000083800000| Untracked 
|  57|0x0000000083900000, 0x0000000083a00000, 0x0000000083a00000|100%| O|  |TAMS 0x0000000083900000| PB 0x0000000083900000| Untracked 
|  58|0x0000000083a00000, 0x0000000083b00000, 0x0000000083b00000|100%| O|  |TAMS 0x0000000083a00000| PB 0x0000000083a00000| Untracked 
|  59|0x0000000083b00000, 0x0000000083c00000, 0x0000000083c00000|100%| O|  |TAMS 0x0000000083b00000| PB 0x0000000083b00000| Untracked 
|  60|0x0000000083c00000, 0x0000000083d00000, 0x0000000083d00000|100%| O|  |TAMS 0x0000000083c00000| PB 0x0000000083c00000| Untracked 
|  61|0x0000000083d00000, 0x0000000083e00000, 0x0000000083e00000|100%| O|  |TAMS 0x0000000083d00000| PB 0x0000000083d00000| Untracked 
|  62|0x0000000083e00000, 0x0000000083f00000, 0x0000000083f00000|100%| O|  |TAMS 0x0000000083e00000| PB 0x0000000083e00000| Untracked 
|  63|0x0000000083f00000, 0x0000000084000000, 0x0000000084000000|100%| O|  |TAMS 0x0000000083f00000| PB 0x0000000083f00000| Untracked 
|  64|0x0000000084000000, 0x0000000084100000, 0x0000000084100000|100%| O|  |TAMS 0x0000000084000000| PB 0x0000000084000000| Untracked 
|  65|0x0000000084100000, 0x0000000084200000, 0x0000000084200000|100%| O|  |TAMS 0x0000000084100000| PB 0x0000000084100000| Untracked 
|  66|0x0000000084200000, 0x0000000084300000, 0x0000000084300000|100%| O|  |TAMS 0x0000000084200000| PB 0x0000000084200000| Untracked 
|  67|0x0000000084300000, 0x0000000084400000, 0x0000000084400000|100%| O|  |TAMS 0x0000000084300000| PB 0x0000000084300000| Untracked 
|  68|0x0000000084400000, 0x0000000084500000, 0x0000000084500000|100%| O|  |TAMS 0x0000000084400000| PB 0x0000000084400000| Untracked 
|  69|0x0000000084500000, 0x0000000084600000, 0x0000000084600000|100%| O|  |TAMS 0x0000000084500000| PB 0x0000000084500000| Untracked 
|  70|0x0000000084600000, 0x0000000084700000, 0x0000000084700000|100%| O|  |TAMS 0x0000000084600000| PB 0x0000000084600000| Untracked 
|  71|0x0000000084700000, 0x0000000084800000, 0x0000000084800000|100%| O|  |TAMS 0x0000000084700000| PB 0x0000000084700000| Untracked 
|  72|0x0000000084800000, 0x0000000084900000, 0x0000000084900000|100%| O|  |TAMS 0x0000000084800000| PB 0x0000000084800000| Untracked 
|  73|0x0000000084900000, 0x0000000084a00000, 0x0000000084a00000|100%| O|  |TAMS 0x0000000084900000| PB 0x0000000084900000| Untracked 
|  74|0x0000000084a00000, 0x0000000084b00000, 0x0000000084b00000|100%| O|  |TAMS 0x0000000084a00000| PB 0x0000000084a00000| Untracked 
|  75|0x0000000084b00000, 0x0000000084c00000, 0x0000000084c00000|100%| O|  |TAMS 0x0000000084b00000| PB 0x0000000084b00000| Untracked 
|  76|0x0000000084c00000, 0x0000000084d00000, 0x0000000084d00000|100%| O|  |TAMS 0x0000000084c00000| PB 0x0000000084c00000| Untracked 
|  77|0x0000000084d00000, 0x0000000084e00000, 0x0000000084e00000|100%| O|  |TAMS 0x0000000084d00000| PB 0x0000000084d00000| Untracked 
|  78|0x0000000084e00000, 0x0000000084f00000, 0x0000000084f00000|100%| O|  |TAMS 0x0000000084e00000| PB 0x0000000084e00000| Untracked 
|  79|0x0000000084f00000, 0x0000000085000000, 0x0000000085000000|100%| O|  |TAMS 0x0000000084f00000| PB 0x0000000084f00000| Untracked 
|  80|0x0000000085000000, 0x0000000085100000, 0x0000000085100000|100%| O|  |TAMS 0x0000000085000000| PB 0x0000000085000000| Untracked 
|  81|0x0000000085100000, 0x0000000085200000, 0x0000000085200000|100%|HS|  |TAMS 0x0000000085100000| PB 0x0000000085100000| Complete 
|  82|0x0000000085200000, 0x0000000085300000, 0x0000000085300000|100%|HC|  |TAMS 0x0000000085200000| PB 0x0000000085200000| Complete 
|  83|0x0000000085300000, 0x0000000085400000, 0x0000000085400000|100%| O|  |TAMS 0x0000000085300000| PB 0x0000000085300000| Untracked 
|  84|0x0000000085400000, 0x0000000085500000, 0x0000000085500000|100%| O|  |TAMS 0x0000000085400000| PB 0x0000000085400000| Untracked 
|  85|0x0000000085500000, 0x0000000085600000, 0x0000000085600000|100%| O|  |TAMS 0x0000000085500000| PB 0x0000000085500000| Untracked 
|  86|0x0000000085600000, 0x0000000085700000, 0x0000000085700000|100%| O|  |TAMS 0x0000000085600000| PB 0x0000000085600000| Untracked 
|  87|0x0000000085700000, 0x0000000085800000, 0x0000000085800000|100%| O|  |TAMS 0x0000000085700000| PB 0x0000000085700000| Untracked 
|  88|0x0000000085800000, 0x0000000085900000, 0x0000000085900000|100%| O|  |TAMS 0x0000000085800000| PB 0x0000000085800000| Untracked 
|  89|0x0000000085900000, 0x0000000085a00000, 0x0000000085a00000|100%| O|  |TAMS 0x0000000085900000| PB 0x0000000085900000| Untracked 
|  90|0x0000000085a00000, 0x0000000085b00000, 0x0000000085b00000|100%| O|  |TAMS 0x0000000085a00000| PB 0x0000000085a00000| Untracked 
|  91|0x0000000085b00000, 0x0000000085c00000, 0x0000000085c00000|100%| O|  |TAMS 0x0000000085b00000| PB 0x0000000085b00000| Untracked 
|  92|0x0000000085c00000, 0x0000000085d00000, 0x0000000085d00000|100%| O|  |TAMS 0x0000000085c00000| PB 0x0000000085c00000| Untracked 
|  93|0x0000000085d00000, 0x0000000085e00000, 0x0000000085e00000|100%| O|  |TAMS 0x0000000085d00000| PB 0x0000000085d00000| Untracked 
|  94|0x0000000085e00000, 0x0000000085f00000, 0x0000000085f00000|100%| O|  |TAMS 0x0000000085e00000| PB 0x0000000085e00000| Untracked 
|  95|0x0000000085f00000, 0x0000000086000000, 0x0000000086000000|100%| O|  |TAMS 0x0000000085f00000| PB 0x0000000085f00000| Untracked 
|  96|0x0000000086000000, 0x0000000086100000, 0x0000000086100000|100%| O|  |TAMS 0x0000000086000000| PB 0x0000000086000000| Untracked 
|  97|0x0000000086100000, 0x0000000086200000, 0x0000000086200000|100%| O|  |TAMS 0x0000000086100000| PB 0x0000000086100000| Untracked 
|  98|0x0000000086200000, 0x0000000086300000, 0x0000000086300000|100%| O|  |TAMS 0x0000000086200000| PB 0x0000000086200000| Untracked 
|  99|0x0000000086300000, 0x0000000086400000, 0x0000000086400000|100%|HS|  |TAMS 0x0000000086300000| PB 0x0000000086300000| Complete 
| 100|0x0000000086400000, 0x0000000086500000, 0x0000000086500000|100%| O|  |TAMS 0x0000000086400000| PB 0x0000000086400000| Untracked 
| 101|0x0000000086500000, 0x0000000086600000, 0x0000000086600000|100%| O|  |TAMS 0x0000000086500000| PB 0x0000000086500000| Untracked 
| 102|0x0000000086600000, 0x0000000086700000, 0x0000000086700000|100%| O|  |TAMS 0x0000000086600000| PB 0x0000000086600000| Untracked 
| 103|0x0000000086700000, 0x0000000086800000, 0x0000000086800000|100%| O|  |TAMS 0x0000000086700000| PB 0x0000000086700000| Untracked 
| 104|0x0000000086800000, 0x0000000086900000, 0x0000000086900000|100%| O|  |TAMS 0x0000000086800000| PB 0x0000000086800000| Untracked 
| 105|0x0000000086900000, 0x0000000086a00000, 0x0000000086a00000|100%| O|  |TAMS 0x0000000086900000| PB 0x0000000086900000| Untracked 
| 106|0x0000000086a00000, 0x0000000086b00000, 0x0000000086b00000|100%| O|  |TAMS 0x0000000086a00000| PB 0x0000000086a00000| Untracked 
| 107|0x0000000086b00000, 0x0000000086c00000, 0x0000000086c00000|100%| O|  |TAMS 0x0000000086b00000| PB 0x0000000086b00000| Untracked 
| 108|0x0000000086c00000, 0x0000000086d00000, 0x0000000086d00000|100%| O|  |TAMS 0x0000000086c00000| PB 0x0000000086c00000| Untracked 
| 109|0x0000000086d00000, 0x0000000086e00000, 0x0000000086e00000|100%| O|  |TAMS 0x0000000086d00000| PB 0x0000000086d00000| Untracked 
| 110|0x0000000086e00000, 0x0000000086f00000, 0x0000000086f00000|100%| O|  |TAMS 0x0000000086e00000| PB 0x0000000086e00000| Untracked 
| 111|0x0000000086f00000, 0x0000000087000000, 0x0000000087000000|100%| O|  |TAMS 0x0000000086f00000| PB 0x0000000086f00000| Untracked 
| 112|0x0000000087000000, 0x0000000087100000, 0x0000000087100000|100%| O|  |TAMS 0x0000000087000000| PB 0x0000000087000000| Untracked 
| 113|0x0000000087100000, 0x0000000087200000, 0x0000000087200000|100%| O|  |TAMS 0x0000000087100000| PB 0x0000000087100000| Untracked 
| 114|0x0000000087200000, 0x0000000087300000, 0x0000000087300000|100%| O|  |TAMS 0x0000000087200000| PB 0x0000000087200000| Untracked 
| 115|0x0000000087300000, 0x0000000087400000, 0x0000000087400000|100%| O|  |TAMS 0x0000000087300000| PB 0x0000000087300000| Untracked 
| 116|0x0000000087400000, 0x0000000087500000, 0x0000000087500000|100%|HS|  |TAMS 0x0000000087400000| PB 0x0000000087400000| Complete 
| 117|0x0000000087500000, 0x0000000087600000, 0x0000000087600000|100%| O|  |TAMS 0x0000000087500000| PB 0x0000000087500000| Untracked 
| 118|0x0000000087600000, 0x0000000087700000, 0x0000000087700000|100%| O|  |TAMS 0x0000000087600000| PB 0x0000000087600000| Untracked 
| 119|0x0000000087700000, 0x0000000087800000, 0x0000000087800000|100%| O|  |TAMS 0x0000000087700000| PB 0x0000000087700000| Untracked 
| 120|0x0000000087800000, 0x0000000087900000, 0x0000000087900000|100%| O|  |TAMS 0x0000000087800000| PB 0x0000000087800000| Untracked 
| 121|0x0000000087900000, 0x0000000087a00000, 0x0000000087a00000|100%| O|  |TAMS 0x0000000087900000| PB 0x0000000087900000| Untracked 
| 122|0x0000000087a00000, 0x0000000087b00000, 0x0000000087b00000|100%| O|  |TAMS 0x0000000087a00000| PB 0x0000000087a00000| Untracked 
| 123|0x0000000087b00000, 0x0000000087c00000, 0x0000000087c00000|100%| O|  |TAMS 0x0000000087b00000| PB 0x0000000087b00000| Untracked 
| 124|0x0000000087c00000, 0x0000000087d00000, 0x0000000087d00000|100%| O|  |TAMS 0x0000000087c00000| PB 0x0000000087c00000| Untracked 
| 125|0x0000000087d00000, 0x0000000087e00000, 0x0000000087e00000|100%| O|  |TAMS 0x0000000087d00000| PB 0x0000000087d00000| Untracked 
| 126|0x0000000087e00000, 0x0000000087f00000, 0x0000000087f00000|100%| O|  |TAMS 0x0000000087e00000| PB 0x0000000087e00000| Untracked 
| 127|0x0000000087f00000, 0x0000000088000000, 0x0000000088000000|100%| O|  |TAMS 0x0000000087f00000| PB 0x0000000087f00000| Untracked 
| 128|0x0000000088000000, 0x0000000088100000, 0x0000000088100000|100%| O|  |TAMS 0x0000000088000000| PB 0x0000000088000000| Untracked 
| 129|0x0000000088100000, 0x0000000088200000, 0x0000000088200000|100%| O|  |TAMS 0x0000000088100000| PB 0x0000000088100000| Untracked 
| 130|0x0000000088200000, 0x0000000088300000, 0x0000000088300000|100%| O|  |TAMS 0x0000000088200000| PB 0x0000000088200000| Untracked 
| 131|0x0000000088300000, 0x0000000088400000, 0x0000000088400000|100%| O|  |TAMS 0x0000000088300000| PB 0x0000000088300000| Untracked 
| 132|0x0000000088400000, 0x0000000088500000, 0x0000000088500000|100%| O|  |TAMS 0x0000000088400000| PB 0x0000000088400000| Untracked 
| 133|0x0000000088500000, 0x0000000088600000, 0x0000000088600000|100%| O|  |TAMS 0x0000000088500000| PB 0x0000000088500000| Untracked 
| 134|0x0000000088600000, 0x0000000088700000, 0x0000000088700000|100%| O|  |TAMS 0x0000000088600000| PB 0x0000000088600000| Untracked 
| 135|0x0000000088700000, 0x0000000088800000, 0x0000000088800000|100%| O|  |TAMS 0x0000000088700000| PB 0x0000000088700000| Untracked 
| 136|0x0000000088800000, 0x0000000088900000, 0x0000000088900000|100%| O|  |TAMS 0x0000000088800000| PB 0x0000000088800000| Untracked 
| 137|0x0000000088900000, 0x0000000088a00000, 0x0000000088a00000|100%|HS|  |TAMS 0x0000000088900000| PB 0x0000000088900000| Complete 
| 138|0x0000000088a00000, 0x0000000088b00000, 0x0000000088b00000|100%|HC|  |TAMS 0x0000000088a00000| PB 0x0000000088a00000| Complete 
| 139|0x0000000088b00000, 0x0000000088c00000, 0x0000000088c00000|100%|HC|  |TAMS 0x0000000088b00000| PB 0x0000000088b00000| Complete 
| 140|0x0000000088c00000, 0x0000000088d00000, 0x0000000088d00000|100%|HC|  |TAMS 0x0000000088c00000| PB 0x0000000088c00000| Complete 
| 141|0x0000000088d00000, 0x0000000088e00000, 0x0000000088e00000|100%|HC|  |TAMS 0x0000000088d00000| PB 0x0000000088d00000| Complete 
| 142|0x0000000088e00000, 0x0000000088f00000, 0x0000000088f00000|100%|HC|  |TAMS 0x0000000088e00000| PB 0x0000000088e00000| Complete 
| 143|0x0000000088f00000, 0x0000000089000000, 0x0000000089000000|100%| O|  |TAMS 0x0000000088f00000| PB 0x0000000088f00000| Untracked 
| 144|0x0000000089000000, 0x0000000089100000, 0x0000000089100000|100%| O|  |TAMS 0x0000000089000000| PB 0x0000000089000000| Untracked 
| 145|0x0000000089100000, 0x0000000089200000, 0x0000000089200000|100%| O|  |TAMS 0x0000000089100000| PB 0x0000000089100000| Untracked 
| 146|0x0000000089200000, 0x0000000089300000, 0x0000000089300000|100%| O|  |TAMS 0x0000000089200000| PB 0x0000000089200000| Untracked 
| 147|0x0000000089300000, 0x0000000089400000, 0x0000000089400000|100%| O|  |TAMS 0x0000000089300000| PB 0x0000000089300000| Untracked 
| 148|0x0000000089400000, 0x0000000089500000, 0x0000000089500000|100%| O|  |TAMS 0x0000000089400000| PB 0x0000000089400000| Untracked 
| 149|0x0000000089500000, 0x0000000089600000, 0x0000000089600000|100%| O|  |TAMS 0x0000000089500000| PB 0x0000000089500000| Untracked 
| 150|0x0000000089600000, 0x0000000089700000, 0x0000000089700000|100%| O|  |TAMS 0x0000000089600000| PB 0x0000000089600000| Untracked 
| 151|0x0000000089700000, 0x0000000089800000, 0x0000000089800000|100%| O|  |TAMS 0x0000000089700000| PB 0x0000000089700000| Untracked 
| 152|0x0000000089800000, 0x0000000089900000, 0x0000000089900000|100%|HS|  |TAMS 0x0000000089800000| PB 0x0000000089800000| Complete 
| 153|0x0000000089900000, 0x0000000089a00000, 0x0000000089a00000|100%| O|  |TAMS 0x0000000089900000| PB 0x0000000089900000| Untracked 
| 154|0x0000000089a00000, 0x0000000089b00000, 0x0000000089b00000|100%| O|Cm|TAMS 0x0000000089a00000| PB 0x0000000089a00000| Complete 
| 155|0x0000000089b00000, 0x0000000089c00000, 0x0000000089c00000|100%| O|  |TAMS 0x0000000089b00000| PB 0x0000000089b00000| Untracked 
| 156|0x0000000089c00000, 0x0000000089d00000, 0x0000000089d00000|100%| O|  |TAMS 0x0000000089c00000| PB 0x0000000089c00000| Untracked 
| 157|0x0000000089d00000, 0x0000000089e00000, 0x0000000089e00000|100%| O|  |TAMS 0x0000000089d00000| PB 0x0000000089d00000| Untracked 
| 158|0x0000000089e00000, 0x0000000089f00000, 0x0000000089f00000|100%| O|  |TAMS 0x0000000089e00000| PB 0x0000000089e00000| Untracked 
| 159|0x0000000089f00000, 0x000000008a000000, 0x000000008a000000|100%| O|  |TAMS 0x0000000089f00000| PB 0x0000000089f00000| Untracked 
| 160|0x000000008a000000, 0x000000008a100000, 0x000000008a100000|100%| O|  |TAMS 0x000000008a000000| PB 0x000000008a000000| Untracked 
| 161|0x000000008a100000, 0x000000008a200000, 0x000000008a200000|100%| O|  |TAMS 0x000000008a100000| PB 0x000000008a100000| Untracked 
| 162|0x000000008a200000, 0x000000008a300000, 0x000000008a300000|100%| O|Cm|TAMS 0x000000008a200000| PB 0x000000008a200000| Complete 
| 163|0x000000008a300000, 0x000000008a400000, 0x000000008a400000|100%| O|  |TAMS 0x000000008a300000| PB 0x000000008a300000| Untracked 
| 164|0x000000008a400000, 0x000000008a500000, 0x000000008a500000|100%| O|  |TAMS 0x000000008a400000| PB 0x000000008a400000| Untracked 
| 165|0x000000008a500000, 0x000000008a600000, 0x000000008a600000|100%|HS|  |TAMS 0x000000008a500000| PB 0x000000008a500000| Complete 
| 166|0x000000008a600000, 0x000000008a700000, 0x000000008a700000|100%|HC|  |TAMS 0x000000008a600000| PB 0x000000008a600000| Complete 
| 167|0x000000008a700000, 0x000000008a800000, 0x000000008a800000|100%|HC|  |TAMS 0x000000008a700000| PB 0x000000008a700000| Complete 
| 168|0x000000008a800000, 0x000000008a900000, 0x000000008a900000|100%|HC|  |TAMS 0x000000008a800000| PB 0x000000008a800000| Complete 
| 169|0x000000008a900000, 0x000000008aa00000, 0x000000008aa00000|100%|HC|  |TAMS 0x000000008a900000| PB 0x000000008a900000| Complete 
| 170|0x000000008aa00000, 0x000000008ab00000, 0x000000008ab00000|100%|HC|  |TAMS 0x000000008aa00000| PB 0x000000008aa00000| Complete 
| 171|0x000000008ab00000, 0x000000008ac00000, 0x000000008ac00000|100%| O|  |TAMS 0x000000008ab00000| PB 0x000000008ab00000| Untracked 
| 172|0x000000008ac00000, 0x000000008ad00000, 0x000000008ad00000|100%| O|  |TAMS 0x000000008ac00000| PB 0x000000008ac00000| Untracked 
| 173|0x000000008ad00000, 0x000000008ae00000, 0x000000008ae00000|100%| O|  |TAMS 0x000000008ad00000| PB 0x000000008ad00000| Untracked 
| 174|0x000000008ae00000, 0x000000008af00000, 0x000000008af00000|100%| O|  |TAMS 0x000000008ae00000| PB 0x000000008ae00000| Untracked 
| 175|0x000000008af00000, 0x000000008b000000, 0x000000008b000000|100%| O|  |TAMS 0x000000008af00000| PB 0x000000008af00000| Untracked 
| 176|0x000000008b000000, 0x000000008b100000, 0x000000008b100000|100%| O|  |TAMS 0x000000008b000000| PB 0x000000008b000000| Untracked 
| 177|0x000000008b100000, 0x000000008b200000, 0x000000008b200000|100%| O|  |TAMS 0x000000008b100000| PB 0x000000008b100000| Untracked 
| 178|0x000000008b200000, 0x000000008b300000, 0x000000008b300000|100%| O|  |TAMS 0x000000008b200000| PB 0x000000008b200000| Untracked 
| 179|0x000000008b300000, 0x000000008b400000, 0x000000008b400000|100%| O|  |TAMS 0x000000008b300000| PB 0x000000008b300000| Untracked 
| 180|0x000000008b400000, 0x000000008b500000, 0x000000008b500000|100%| O|  |TAMS 0x000000008b400000| PB 0x000000008b400000| Untracked 
| 181|0x000000008b500000, 0x000000008b600000, 0x000000008b600000|100%| O|  |TAMS 0x000000008b500000| PB 0x000000008b500000| Untracked 
| 182|0x000000008b600000, 0x000000008b700000, 0x000000008b700000|100%| O|  |TAMS 0x000000008b600000| PB 0x000000008b600000| Untracked 
| 183|0x000000008b700000, 0x000000008b800000, 0x000000008b800000|100%| O|  |TAMS 0x000000008b700000| PB 0x000000008b700000| Untracked 
| 184|0x000000008b800000, 0x000000008b900000, 0x000000008b900000|100%| O|  |TAMS 0x000000008b800000| PB 0x000000008b800000| Untracked 
| 185|0x000000008b900000, 0x000000008ba00000, 0x000000008ba00000|100%| O|  |TAMS 0x000000008b900000| PB 0x000000008b900000| Untracked 
| 186|0x000000008ba00000, 0x000000008bb00000, 0x000000008bb00000|100%| O|  |TAMS 0x000000008ba00000| PB 0x000000008ba00000| Untracked 
| 187|0x000000008bb00000, 0x000000008bc00000, 0x000000008bc00000|100%| O|  |TAMS 0x000000008bb00000| PB 0x000000008bb00000| Untracked 
| 188|0x000000008bc00000, 0x000000008bd00000, 0x000000008bd00000|100%| O|  |TAMS 0x000000008bc00000| PB 0x000000008bc00000| Untracked 
| 189|0x000000008bd00000, 0x000000008be00000, 0x000000008be00000|100%| O|  |TAMS 0x000000008bd00000| PB 0x000000008bd00000| Untracked 
| 190|0x000000008be00000, 0x000000008bf00000, 0x000000008bf00000|100%| O|  |TAMS 0x000000008be00000| PB 0x000000008be00000| Untracked 
| 191|0x000000008bf00000, 0x000000008c000000, 0x000000008c000000|100%| O|  |TAMS 0x000000008bf00000| PB 0x000000008bf00000| Untracked 
| 192|0x000000008c000000, 0x000000008c100000, 0x000000008c100000|100%| O|  |TAMS 0x000000008c000000| PB 0x000000008c000000| Untracked 
| 193|0x000000008c100000, 0x000000008c200000, 0x000000008c200000|100%| O|  |TAMS 0x000000008c100000| PB 0x000000008c100000| Untracked 
| 194|0x000000008c200000, 0x000000008c300000, 0x000000008c300000|100%| O|  |TAMS 0x000000008c200000| PB 0x000000008c200000| Untracked 
| 195|0x000000008c300000, 0x000000008c400000, 0x000000008c400000|100%| O|  |TAMS 0x000000008c300000| PB 0x000000008c300000| Untracked 
| 196|0x000000008c400000, 0x000000008c500000, 0x000000008c500000|100%| O|  |TAMS 0x000000008c400000| PB 0x000000008c400000| Untracked 
| 197|0x000000008c500000, 0x000000008c600000, 0x000000008c600000|100%| O|  |TAMS 0x000000008c500000| PB 0x000000008c500000| Untracked 
| 198|0x000000008c600000, 0x000000008c700000, 0x000000008c700000|100%| O|  |TAMS 0x000000008c600000| PB 0x000000008c600000| Untracked 
| 199|0x000000008c700000, 0x000000008c800000, 0x000000008c800000|100%| O|  |TAMS 0x000000008c700000| PB 0x000000008c700000| Untracked 
| 200|0x000000008c800000, 0x000000008c900000, 0x000000008c900000|100%| O|  |TAMS 0x000000008c800000| PB 0x000000008c800000| Untracked 
| 201|0x000000008c900000, 0x000000008ca00000, 0x000000008ca00000|100%| O|Cm|TAMS 0x000000008c900000| PB 0x000000008c900000| Complete 
| 202|0x000000008ca00000, 0x000000008cb00000, 0x000000008cb00000|100%| O|  |TAMS 0x000000008ca00000| PB 0x000000008ca00000| Untracked 
| 203|0x000000008cb00000, 0x000000008cc00000, 0x000000008cc00000|100%| O|Cm|TAMS 0x000000008cb00000| PB 0x000000008cb00000| Complete 
| 204|0x000000008cc00000, 0x000000008cd00000, 0x000000008cd00000|100%| O|Cm|TAMS 0x000000008cc00000| PB 0x000000008cc00000| Complete 
| 205|0x000000008cd00000, 0x000000008ce00000, 0x000000008ce00000|100%| O|  |TAMS 0x000000008cd00000| PB 0x000000008cd00000| Untracked 
| 206|0x000000008ce00000, 0x000000008cf00000, 0x000000008cf00000|100%| O|  |TAMS 0x000000008ce00000| PB 0x000000008ce00000| Untracked 
| 207|0x000000008cf00000, 0x000000008d000000, 0x000000008d000000|100%| O|  |TAMS 0x000000008cf00000| PB 0x000000008cf00000| Untracked 
| 208|0x000000008d000000, 0x000000008d100000, 0x000000008d100000|100%|HS|  |TAMS 0x000000008d000000| PB 0x000000008d000000| Complete 
| 209|0x000000008d100000, 0x000000008d200000, 0x000000008d200000|100%| O|  |TAMS 0x000000008d100000| PB 0x000000008d100000| Untracked 
| 210|0x000000008d200000, 0x000000008d300000, 0x000000008d300000|100%| O|  |TAMS 0x000000008d200000| PB 0x000000008d200000| Untracked 
| 211|0x000000008d300000, 0x000000008d400000, 0x000000008d400000|100%| O|  |TAMS 0x000000008d300000| PB 0x000000008d300000| Untracked 
| 212|0x000000008d400000, 0x000000008d500000, 0x000000008d500000|100%| O|  |TAMS 0x000000008d400000| PB 0x000000008d400000| Untracked 
| 213|0x000000008d500000, 0x000000008d600000, 0x000000008d600000|100%| O|  |TAMS 0x000000008d500000| PB 0x000000008d500000| Untracked 
| 214|0x000000008d600000, 0x000000008d700000, 0x000000008d700000|100%| O|  |TAMS 0x000000008d600000| PB 0x000000008d600000| Untracked 
| 215|0x000000008d700000, 0x000000008d800000, 0x000000008d800000|100%| O|  |TAMS 0x000000008d700000| PB 0x000000008d700000| Untracked 
| 216|0x000000008d800000, 0x000000008d900000, 0x000000008d900000|100%| O|  |TAMS 0x000000008d800000| PB 0x000000008d800000| Untracked 
| 217|0x000000008d900000, 0x000000008da00000, 0x000000008da00000|100%| O|  |TAMS 0x000000008d900000| PB 0x000000008d900000| Untracked 
| 218|0x000000008da00000, 0x000000008db00000, 0x000000008db00000|100%| O|  |TAMS 0x000000008da00000| PB 0x000000008da00000| Untracked 
| 219|0x000000008db00000, 0x000000008dc00000, 0x000000008dc00000|100%| O|  |TAMS 0x000000008db00000| PB 0x000000008db00000| Untracked 
| 220|0x000000008dc00000, 0x000000008dd00000, 0x000000008dd00000|100%| O|  |TAMS 0x000000008dc00000| PB 0x000000008dc00000| Untracked 
| 221|0x000000008dd00000, 0x000000008de00000, 0x000000008de00000|100%| O|  |TAMS 0x000000008dd00000| PB 0x000000008dd00000| Untracked 
| 222|0x000000008de00000, 0x000000008df00000, 0x000000008df00000|100%| O|  |TAMS 0x000000008de00000| PB 0x000000008de00000| Untracked 
| 223|0x000000008df00000, 0x000000008e000000, 0x000000008e000000|100%| O|  |TAMS 0x000000008df00000| PB 0x000000008df00000| Untracked 
| 224|0x000000008e000000, 0x000000008e100000, 0x000000008e100000|100%| O|  |TAMS 0x000000008e000000| PB 0x000000008e000000| Untracked 
| 225|0x000000008e100000, 0x000000008e200000, 0x000000008e200000|100%| O|  |TAMS 0x000000008e100000| PB 0x000000008e100000| Untracked 
| 226|0x000000008e200000, 0x000000008e300000, 0x000000008e300000|100%| O|  |TAMS 0x000000008e200000| PB 0x000000008e200000| Untracked 
| 227|0x000000008e300000, 0x000000008e400000, 0x000000008e400000|100%| O|  |TAMS 0x000000008e300000| PB 0x000000008e300000| Untracked 
| 228|0x000000008e400000, 0x000000008e500000, 0x000000008e500000|100%| O|  |TAMS 0x000000008e400000| PB 0x000000008e400000| Untracked 
| 229|0x000000008e500000, 0x000000008e600000, 0x000000008e600000|100%|HS|  |TAMS 0x000000008e500000| PB 0x000000008e500000| Complete 
| 230|0x000000008e600000, 0x000000008e700000, 0x000000008e700000|100%|HS|  |TAMS 0x000000008e600000| PB 0x000000008e600000| Complete 
| 231|0x000000008e700000, 0x000000008e800000, 0x000000008e800000|100%| O|  |TAMS 0x000000008e700000| PB 0x000000008e700000| Untracked 
| 232|0x000000008e800000, 0x000000008e900000, 0x000000008e900000|100%| O|  |TAMS 0x000000008e800000| PB 0x000000008e800000| Untracked 
| 233|0x000000008e900000, 0x000000008ea00000, 0x000000008ea00000|100%| O|  |TAMS 0x000000008e900000| PB 0x000000008e900000| Untracked 
| 234|0x000000008ea00000, 0x000000008eb00000, 0x000000008eb00000|100%| O|  |TAMS 0x000000008ea00000| PB 0x000000008ea00000| Untracked 
| 235|0x000000008eb00000, 0x000000008ec00000, 0x000000008ec00000|100%| O|  |TAMS 0x000000008eb00000| PB 0x000000008eb00000| Untracked 
| 236|0x000000008ec00000, 0x000000008ed00000, 0x000000008ed00000|100%| O|  |TAMS 0x000000008ec00000| PB 0x000000008ec00000| Untracked 
| 237|0x000000008ed00000, 0x000000008ee00000, 0x000000008ee00000|100%| O|  |TAMS 0x000000008ed00000| PB 0x000000008ed00000| Untracked 
| 238|0x000000008ee00000, 0x000000008ef00000, 0x000000008ef00000|100%| O|  |TAMS 0x000000008ee00000| PB 0x000000008ee00000| Untracked 
| 239|0x000000008ef00000, 0x000000008f000000, 0x000000008f000000|100%| O|Cm|TAMS 0x000000008ef00000| PB 0x000000008ef00000| Complete 
| 240|0x000000008f000000, 0x000000008f100000, 0x000000008f100000|100%| O|  |TAMS 0x000000008f000000| PB 0x000000008f000000| Untracked 
| 241|0x000000008f100000, 0x000000008f200000, 0x000000008f200000|100%| O|Cm|TAMS 0x000000008f100000| PB 0x000000008f100000| Complete 
| 242|0x000000008f200000, 0x000000008f300000, 0x000000008f300000|100%| O|  |TAMS 0x000000008f200000| PB 0x000000008f200000| Untracked 
| 243|0x000000008f300000, 0x000000008f400000, 0x000000008f400000|100%| O|  |TAMS 0x000000008f300000| PB 0x000000008f300000| Untracked 
| 244|0x000000008f400000, 0x000000008f500000, 0x000000008f500000|100%| O|  |TAMS 0x000000008f400000| PB 0x000000008f400000| Untracked 
| 245|0x000000008f500000, 0x000000008f600000, 0x000000008f600000|100%| O|  |TAMS 0x000000008f500000| PB 0x000000008f500000| Untracked 
| 246|0x000000008f600000, 0x000000008f700000, 0x000000008f700000|100%| O|  |TAMS 0x000000008f600000| PB 0x000000008f600000| Untracked 
| 247|0x000000008f700000, 0x000000008f800000, 0x000000008f800000|100%| O|  |TAMS 0x000000008f700000| PB 0x000000008f700000| Untracked 
| 248|0x000000008f800000, 0x000000008f900000, 0x000000008f900000|100%| O|  |TAMS 0x000000008f800000| PB 0x000000008f800000| Untracked 
| 249|0x000000008f900000, 0x000000008fa00000, 0x000000008fa00000|100%| O|  |TAMS 0x000000008f900000| PB 0x000000008f900000| Untracked 
| 250|0x000000008fa00000, 0x000000008fb00000, 0x000000008fb00000|100%| O|  |TAMS 0x000000008fa00000| PB 0x000000008fa00000| Untracked 
| 251|0x000000008fb00000, 0x000000008fc00000, 0x000000008fc00000|100%| O|  |TAMS 0x000000008fb00000| PB 0x000000008fb00000| Untracked 
| 252|0x000000008fc00000, 0x000000008fd00000, 0x000000008fd00000|100%| O|  |TAMS 0x000000008fc00000| PB 0x000000008fc00000| Untracked 
| 253|0x000000008fd00000, 0x000000008fe00000, 0x000000008fe00000|100%| O|  |TAMS 0x000000008fd00000| PB 0x000000008fd00000| Untracked 
| 254|0x000000008fe00000, 0x000000008ff00000, 0x000000008ff00000|100%| O|  |TAMS 0x000000008fe00000| PB 0x000000008fe00000| Untracked 
| 255|0x000000008ff00000, 0x0000000090000000, 0x0000000090000000|100%| O|  |TAMS 0x000000008ff00000| PB 0x000000008ff00000| Untracked 
| 256|0x0000000090000000, 0x0000000090100000, 0x0000000090100000|100%| O|  |TAMS 0x0000000090000000| PB 0x0000000090000000| Untracked 
| 257|0x0000000090100000, 0x0000000090200000, 0x0000000090200000|100%| O|  |TAMS 0x0000000090100000| PB 0x0000000090100000| Untracked 
| 258|0x0000000090200000, 0x0000000090200000, 0x0000000090300000|  0%| F|  |TAMS 0x0000000090200000| PB 0x0000000090200000| Untracked 
| 259|0x0000000090300000, 0x0000000090400000, 0x0000000090400000|100%| O|  |TAMS 0x0000000090300000| PB 0x0000000090300000| Untracked 
| 260|0x0000000090400000, 0x0000000090400000, 0x0000000090500000|  0%| F|  |TAMS 0x0000000090400000| PB 0x0000000090400000| Untracked 
| 261|0x0000000090500000, 0x0000000090600000, 0x0000000090600000|100%| O|  |TAMS 0x0000000090500000| PB 0x0000000090500000| Untracked 
| 262|0x0000000090600000, 0x0000000090600000, 0x0000000090700000|  0%| F|  |TAMS 0x0000000090600000| PB 0x0000000090600000| Untracked 
| 263|0x0000000090700000, 0x0000000090800000, 0x0000000090800000|100%| O|  |TAMS 0x0000000090700000| PB 0x0000000090700000| Untracked 
| 264|0x0000000090800000, 0x0000000090800000, 0x0000000090900000|  0%| F|  |TAMS 0x0000000090800000| PB 0x0000000090800000| Untracked 
| 265|0x0000000090900000, 0x0000000090a00000, 0x0000000090a00000|100%| O|  |TAMS 0x0000000090900000| PB 0x0000000090900000| Untracked 
| 266|0x0000000090a00000, 0x0000000090a00000, 0x0000000090b00000|  0%| F|  |TAMS 0x0000000090a00000| PB 0x0000000090a00000| Untracked 
| 267|0x0000000090b00000, 0x0000000090c00000, 0x0000000090c00000|100%| O|  |TAMS 0x0000000090b00000| PB 0x0000000090b00000| Untracked 
| 268|0x0000000090c00000, 0x0000000090c00000, 0x0000000090d00000|  0%| F|  |TAMS 0x0000000090c00000| PB 0x0000000090c00000| Untracked 
| 269|0x0000000090d00000, 0x0000000090e00000, 0x0000000090e00000|100%| O|  |TAMS 0x0000000090d00000| PB 0x0000000090d00000| Untracked 
| 270|0x0000000090e00000, 0x0000000090e00000, 0x0000000090f00000|  0%| F|  |TAMS 0x0000000090e00000| PB 0x0000000090e00000| Untracked 
| 271|0x0000000090f00000, 0x0000000091000000, 0x0000000091000000|100%| O|  |TAMS 0x0000000090f00000| PB 0x0000000090f00000| Untracked 
| 272|0x0000000091000000, 0x0000000091000000, 0x0000000091100000|  0%| F|  |TAMS 0x0000000091000000| PB 0x0000000091000000| Untracked 
| 273|0x0000000091100000, 0x0000000091100000, 0x0000000091200000|  0%| F|  |TAMS 0x0000000091100000| PB 0x0000000091100000| Untracked 
| 274|0x0000000091200000, 0x0000000091300000, 0x0000000091300000|100%| O|  |TAMS 0x0000000091200000| PB 0x0000000091200000| Untracked 
| 275|0x0000000091300000, 0x0000000091300000, 0x0000000091400000|  0%| F|  |TAMS 0x0000000091300000| PB 0x0000000091300000| Untracked 
| 276|0x0000000091400000, 0x0000000091400000, 0x0000000091500000|  0%| F|  |TAMS 0x0000000091400000| PB 0x0000000091400000| Untracked 
| 277|0x0000000091500000, 0x0000000091600000, 0x0000000091600000|100%| O|  |TAMS 0x0000000091500000| PB 0x0000000091500000| Untracked 
| 278|0x0000000091600000, 0x0000000091700000, 0x0000000091700000|100%| O|Cm|TAMS 0x0000000091600000| PB 0x0000000091600000| Complete 
| 279|0x0000000091700000, 0x0000000091700000, 0x0000000091800000|  0%| F|  |TAMS 0x0000000091700000| PB 0x0000000091700000| Untracked 
| 280|0x0000000091800000, 0x0000000091900000, 0x0000000091900000|100%| O|  |TAMS 0x0000000091800000| PB 0x0000000091800000| Untracked 
| 281|0x0000000091900000, 0x0000000091900000, 0x0000000091a00000|  0%| F|  |TAMS 0x0000000091900000| PB 0x0000000091900000| Untracked 
| 282|0x0000000091a00000, 0x0000000091a00000, 0x0000000091b00000|  0%| F|  |TAMS 0x0000000091a00000| PB 0x0000000091a00000| Untracked 
| 283|0x0000000091b00000, 0x0000000091b00000, 0x0000000091c00000|  0%| F|  |TAMS 0x0000000091b00000| PB 0x0000000091b00000| Untracked 
| 284|0x0000000091c00000, 0x0000000091d00000, 0x0000000091d00000|100%| O|Cm|TAMS 0x0000000091c00000| PB 0x0000000091c00000| Complete 
| 285|0x0000000091d00000, 0x0000000091e00000, 0x0000000091e00000|100%| O|  |TAMS 0x0000000091d00000| PB 0x0000000091d00000| Untracked 
| 286|0x0000000091e00000, 0x0000000091f00000, 0x0000000091f00000|100%| O|  |TAMS 0x0000000091e00000| PB 0x0000000091e00000| Untracked 
| 287|0x0000000091f00000, 0x0000000092000000, 0x0000000092000000|100%| O|  |TAMS 0x0000000091f00000| PB 0x0000000091f00000| Untracked 
| 288|0x0000000092000000, 0x0000000092100000, 0x0000000092100000|100%| O|  |TAMS 0x0000000092000000| PB 0x0000000092000000| Untracked 
| 289|0x0000000092100000, 0x0000000092200000, 0x0000000092200000|100%| O|  |TAMS 0x0000000092100000| PB 0x0000000092100000| Untracked 
| 290|0x0000000092200000, 0x0000000092300000, 0x0000000092300000|100%| O|  |TAMS 0x0000000092200000| PB 0x0000000092200000| Untracked 
| 291|0x0000000092300000, 0x0000000092400000, 0x0000000092400000|100%| O|  |TAMS 0x0000000092300000| PB 0x0000000092300000| Untracked 
| 292|0x0000000092400000, 0x0000000092500000, 0x0000000092500000|100%| O|  |TAMS 0x0000000092400000| PB 0x0000000092400000| Untracked 
| 293|0x0000000092500000, 0x0000000092600000, 0x0000000092600000|100%| O|  |TAMS 0x0000000092500000| PB 0x0000000092500000| Untracked 
| 294|0x0000000092600000, 0x0000000092700000, 0x0000000092700000|100%| O|  |TAMS 0x0000000092600000| PB 0x0000000092600000| Untracked 
| 295|0x0000000092700000, 0x0000000092800000, 0x0000000092800000|100%| O|  |TAMS 0x0000000092700000| PB 0x0000000092700000| Untracked 
| 296|0x0000000092800000, 0x0000000092900000, 0x0000000092900000|100%| O|  |TAMS 0x0000000092800000| PB 0x0000000092800000| Untracked 
| 297|0x0000000092900000, 0x0000000092900000, 0x0000000092a00000|  0%| F|  |TAMS 0x0000000092900000| PB 0x0000000092900000| Untracked 
| 298|0x0000000092a00000, 0x0000000092b00000, 0x0000000092b00000|100%| O|  |TAMS 0x0000000092a00000| PB 0x0000000092a00000| Untracked 
| 299|0x0000000092b00000, 0x0000000092c00000, 0x0000000092c00000|100%| O|  |TAMS 0x0000000092b00000| PB 0x0000000092b00000| Untracked 
| 300|0x0000000092c00000, 0x0000000092d00000, 0x0000000092d00000|100%| O|  |TAMS 0x0000000092c00000| PB 0x0000000092c00000| Untracked 
| 301|0x0000000092d00000, 0x0000000092e00000, 0x0000000092e00000|100%| O|  |TAMS 0x0000000092d00000| PB 0x0000000092d00000| Untracked 
| 302|0x0000000092e00000, 0x0000000092f00000, 0x0000000092f00000|100%| O|  |TAMS 0x0000000092e00000| PB 0x0000000092e00000| Untracked 
| 303|0x0000000092f00000, 0x0000000093000000, 0x0000000093000000|100%| O|Cm|TAMS 0x0000000092f00000| PB 0x0000000092f00000| Complete 
| 304|0x0000000093000000, 0x0000000093100000, 0x0000000093100000|100%| O|  |TAMS 0x0000000093000000| PB 0x0000000093000000| Untracked 
| 305|0x0000000093100000, 0x0000000093200000, 0x0000000093200000|100%| O|  |TAMS 0x0000000093100000| PB 0x0000000093100000| Untracked 
| 306|0x0000000093200000, 0x0000000093200000, 0x0000000093300000|  0%| F|  |TAMS 0x0000000093200000| PB 0x0000000093200000| Untracked 
| 307|0x0000000093300000, 0x0000000093300000, 0x0000000093400000|  0%| F|  |TAMS 0x0000000093300000| PB 0x0000000093300000| Untracked 
| 308|0x0000000093400000, 0x0000000093500000, 0x0000000093500000|100%| O|  |TAMS 0x0000000093400000| PB 0x0000000093400000| Untracked 
| 309|0x0000000093500000, 0x0000000093600000, 0x0000000093600000|100%|HS|  |TAMS 0x0000000093500000| PB 0x0000000093500000| Complete 
| 310|0x0000000093600000, 0x0000000093700000, 0x0000000093700000|100%|HC|  |TAMS 0x0000000093600000| PB 0x0000000093600000| Complete 
| 311|0x0000000093700000, 0x0000000093800000, 0x0000000093800000|100%|HC|  |TAMS 0x0000000093700000| PB 0x0000000093700000| Complete 
| 312|0x0000000093800000, 0x0000000093900000, 0x0000000093900000|100%|HC|  |TAMS 0x0000000093800000| PB 0x0000000093800000| Complete 
| 313|0x0000000093900000, 0x0000000093a00000, 0x0000000093a00000|100%| S|  |TAMS 0x0000000093900000| PB 0x0000000093900000| Complete 
| 314|0x0000000093a00000, 0x0000000093b00000, 0x0000000093b00000|100%| S|  |TAMS 0x0000000093a00000| PB 0x0000000093a00000| Complete 
| 315|0x0000000093b00000, 0x0000000093c00000, 0x0000000093c00000|100%| S|  |TAMS 0x0000000093b00000| PB 0x0000000093b00000| Complete 
| 316|0x0000000093c00000, 0x0000000093d00000, 0x0000000093d00000|100%| S|  |TAMS 0x0000000093c00000| PB 0x0000000093c00000| Complete 
| 317|0x0000000093d00000, 0x0000000093e00000, 0x0000000093e00000|100%| S|  |TAMS 0x0000000093d00000| PB 0x0000000093d00000| Complete 
| 318|0x0000000093e00000, 0x0000000093f00000, 0x0000000093f00000|100%| S|  |TAMS 0x0000000093e00000| PB 0x0000000093e00000| Complete 
| 319|0x0000000093f00000, 0x0000000094000000, 0x0000000094000000|100%| S|  |TAMS 0x0000000093f00000| PB 0x0000000093f00000| Complete 
| 320|0x0000000094000000, 0x0000000094100000, 0x0000000094100000|100%| S|  |TAMS 0x0000000094000000| PB 0x0000000094000000| Complete 
| 321|0x0000000094100000, 0x0000000094200000, 0x0000000094200000|100%| S|  |TAMS 0x0000000094100000| PB 0x0000000094100000| Complete 
| 322|0x0000000094200000, 0x0000000094300000, 0x0000000094300000|100%| S|  |TAMS 0x0000000094200000| PB 0x0000000094200000| Complete 
| 323|0x0000000094300000, 0x0000000094400000, 0x0000000094400000|100%| S|  |TAMS 0x0000000094300000| PB 0x0000000094300000| Complete 
| 324|0x0000000094400000, 0x0000000094500000, 0x0000000094500000|100%| S|  |TAMS 0x0000000094400000| PB 0x0000000094400000| Complete 
| 325|0x0000000094500000, 0x0000000094600000, 0x0000000094600000|100%| S|  |TAMS 0x0000000094500000| PB 0x0000000094500000| Complete 
| 326|0x0000000094600000, 0x0000000094700000, 0x0000000094700000|100%| S|  |TAMS 0x0000000094600000| PB 0x0000000094600000| Complete 
| 327|0x0000000094700000, 0x0000000094800000, 0x0000000094800000|100%| S|  |TAMS 0x0000000094700000| PB 0x0000000094700000| Complete 
| 328|0x0000000094800000, 0x0000000094900000, 0x0000000094900000|100%| S|  |TAMS 0x0000000094800000| PB 0x0000000094800000| Complete 
| 329|0x0000000094900000, 0x0000000094a00000, 0x0000000094a00000|100%| S|  |TAMS 0x0000000094900000| PB 0x0000000094900000| Complete 
| 330|0x0000000094a00000, 0x0000000094b00000, 0x0000000094b00000|100%| S|  |TAMS 0x0000000094a00000| PB 0x0000000094a00000| Complete 
| 331|0x0000000094b00000, 0x0000000094c00000, 0x0000000094c00000|100%| S|  |TAMS 0x0000000094b00000| PB 0x0000000094b00000| Complete 
| 332|0x0000000094c00000, 0x0000000094d00000, 0x0000000094d00000|100%| S|  |TAMS 0x0000000094c00000| PB 0x0000000094c00000| Complete 
| 333|0x0000000094d00000, 0x0000000094e00000, 0x0000000094e00000|100%| S|  |TAMS 0x0000000094d00000| PB 0x0000000094d00000| Complete 
| 334|0x0000000094e00000, 0x0000000094f00000, 0x0000000094f00000|100%| S|  |TAMS 0x0000000094e00000| PB 0x0000000094e00000| Complete 
| 335|0x0000000094f00000, 0x0000000095000000, 0x0000000095000000|100%| S|  |TAMS 0x0000000094f00000| PB 0x0000000094f00000| Complete 
| 336|0x0000000095000000, 0x0000000095100000, 0x0000000095100000|100%| S|  |TAMS 0x0000000095000000| PB 0x0000000095000000| Complete 
| 337|0x0000000095100000, 0x0000000095200000, 0x0000000095200000|100%| S|  |TAMS 0x0000000095100000| PB 0x0000000095100000| Complete 
| 338|0x0000000095200000, 0x0000000095300000, 0x0000000095300000|100%| S|  |TAMS 0x0000000095200000| PB 0x0000000095200000| Complete 
| 339|0x0000000095300000, 0x0000000095400000, 0x0000000095400000|100%| S|  |TAMS 0x0000000095300000| PB 0x0000000095300000| Complete 
| 340|0x0000000095400000, 0x0000000095500000, 0x0000000095500000|100%| S|  |TAMS 0x0000000095400000| PB 0x0000000095400000| Complete 
| 341|0x0000000095500000, 0x0000000095600000, 0x0000000095600000|100%| S|  |TAMS 0x0000000095500000| PB 0x0000000095500000| Complete 
| 342|0x0000000095600000, 0x0000000095700000, 0x0000000095700000|100%| E|CS|TAMS 0x0000000095600000| PB 0x0000000095600000| Complete 
| 343|0x0000000095700000, 0x0000000095800000, 0x0000000095800000|100%| E|CS|TAMS 0x0000000095700000| PB 0x0000000095700000| Complete 
| 344|0x0000000095800000, 0x0000000095900000, 0x0000000095900000|100%| E|CS|TAMS 0x0000000095800000| PB 0x0000000095800000| Complete 
| 345|0x0000000095900000, 0x0000000095a00000, 0x0000000095a00000|100%| E|CS|TAMS 0x0000000095900000| PB 0x0000000095900000| Complete 
| 346|0x0000000095a00000, 0x0000000095b00000, 0x0000000095b00000|100%| E|CS|TAMS 0x0000000095a00000| PB 0x0000000095a00000| Complete 
| 347|0x0000000095b00000, 0x0000000095c00000, 0x0000000095c00000|100%| E|CS|TAMS 0x0000000095b00000| PB 0x0000000095b00000| Complete 
| 348|0x0000000095c00000, 0x0000000095d00000, 0x0000000095d00000|100%| E|CS|TAMS 0x0000000095c00000| PB 0x0000000095c00000| Complete 
| 349|0x0000000095d00000, 0x0000000095e00000, 0x0000000095e00000|100%| E|CS|TAMS 0x0000000095d00000| PB 0x0000000095d00000| Complete 
| 350|0x0000000095e00000, 0x0000000095f00000, 0x0000000095f00000|100%| E|CS|TAMS 0x0000000095e00000| PB 0x0000000095e00000| Complete 
| 351|0x0000000095f00000, 0x0000000096000000, 0x0000000096000000|100%| E|CS|TAMS 0x0000000095f00000| PB 0x0000000095f00000| Complete 
| 352|0x0000000096000000, 0x0000000096100000, 0x0000000096100000|100%| E|CS|TAMS 0x0000000096000000| PB 0x0000000096000000| Complete 
| 353|0x0000000096100000, 0x0000000096200000, 0x0000000096200000|100%| E|CS|TAMS 0x0000000096100000| PB 0x0000000096100000| Complete 
| 354|0x0000000096200000, 0x0000000096300000, 0x0000000096300000|100%| E|CS|TAMS 0x0000000096200000| PB 0x0000000096200000| Complete 
| 355|0x0000000096300000, 0x0000000096400000, 0x0000000096400000|100%| E|CS|TAMS 0x0000000096300000| PB 0x0000000096300000| Complete 
| 356|0x0000000096400000, 0x0000000096500000, 0x0000000096500000|100%| E|CS|TAMS 0x0000000096400000| PB 0x0000000096400000| Complete 
| 357|0x0000000096500000, 0x0000000096600000, 0x0000000096600000|100%| E|CS|TAMS 0x0000000096500000| PB 0x0000000096500000| Complete 
| 358|0x0000000096600000, 0x0000000096700000, 0x0000000096700000|100%| E|CS|TAMS 0x0000000096600000| PB 0x0000000096600000| Complete 
| 359|0x0000000096700000, 0x0000000096800000, 0x0000000096800000|100%| E|CS|TAMS 0x0000000096700000| PB 0x0000000096700000| Complete 
| 360|0x0000000096800000, 0x0000000096900000, 0x0000000096900000|100%| E|CS|TAMS 0x0000000096800000| PB 0x0000000096800000| Complete 
| 361|0x0000000096900000, 0x0000000096a00000, 0x0000000096a00000|100%| E|CS|TAMS 0x0000000096900000| PB 0x0000000096900000| Complete 
| 362|0x0000000096a00000, 0x0000000096b00000, 0x0000000096b00000|100%| E|CS|TAMS 0x0000000096a00000| PB 0x0000000096a00000| Complete 
| 363|0x0000000096b00000, 0x0000000096c00000, 0x0000000096c00000|100%| E|CS|TAMS 0x0000000096b00000| PB 0x0000000096b00000| Complete 
| 364|0x0000000096c00000, 0x0000000096d00000, 0x0000000096d00000|100%| E|CS|TAMS 0x0000000096c00000| PB 0x0000000096c00000| Complete 
| 365|0x0000000096d00000, 0x0000000096e00000, 0x0000000096e00000|100%| E|CS|TAMS 0x0000000096d00000| PB 0x0000000096d00000| Complete 
| 366|0x0000000096e00000, 0x0000000096f00000, 0x0000000096f00000|100%| E|CS|TAMS 0x0000000096e00000| PB 0x0000000096e00000| Complete 
| 367|0x0000000096f00000, 0x0000000097000000, 0x0000000097000000|100%| E|CS|TAMS 0x0000000096f00000| PB 0x0000000096f00000| Complete 
| 368|0x0000000097000000, 0x0000000097100000, 0x0000000097100000|100%| E|CS|TAMS 0x0000000097000000| PB 0x0000000097000000| Complete 
| 369|0x0000000097100000, 0x0000000097200000, 0x0000000097200000|100%| E|CS|TAMS 0x0000000097100000| PB 0x0000000097100000| Complete 
| 370|0x0000000097200000, 0x0000000097300000, 0x0000000097300000|100%| E|CS|TAMS 0x0000000097200000| PB 0x0000000097200000| Complete 
| 371|0x0000000097300000, 0x0000000097400000, 0x0000000097400000|100%| E|CS|TAMS 0x0000000097300000| PB 0x0000000097300000| Complete 
| 372|0x0000000097400000, 0x0000000097500000, 0x0000000097500000|100%| E|CS|TAMS 0x0000000097400000| PB 0x0000000097400000| Complete 
| 373|0x0000000097500000, 0x0000000097600000, 0x0000000097600000|100%| E|CS|TAMS 0x0000000097500000| PB 0x0000000097500000| Complete 
| 374|0x0000000097600000, 0x0000000097700000, 0x0000000097700000|100%| E|CS|TAMS 0x0000000097600000| PB 0x0000000097600000| Complete 
| 375|0x0000000097700000, 0x0000000097800000, 0x0000000097800000|100%| E|CS|TAMS 0x0000000097700000| PB 0x0000000097700000| Complete 
| 376|0x0000000097800000, 0x0000000097900000, 0x0000000097900000|100%| E|CS|TAMS 0x0000000097800000| PB 0x0000000097800000| Complete 
| 377|0x0000000097900000, 0x0000000097a00000, 0x0000000097a00000|100%| E|CS|TAMS 0x0000000097900000| PB 0x0000000097900000| Complete 
| 378|0x0000000097a00000, 0x0000000097b00000, 0x0000000097b00000|100%| E|CS|TAMS 0x0000000097a00000| PB 0x0000000097a00000| Complete 
| 379|0x0000000097b00000, 0x0000000097c00000, 0x0000000097c00000|100%| E|CS|TAMS 0x0000000097b00000| PB 0x0000000097b00000| Complete 
| 380|0x0000000097c00000, 0x0000000097d00000, 0x0000000097d00000|100%| E|CS|TAMS 0x0000000097c00000| PB 0x0000000097c00000| Complete 
| 381|0x0000000097d00000, 0x0000000097e00000, 0x0000000097e00000|100%| E|CS|TAMS 0x0000000097d00000| PB 0x0000000097d00000| Complete 
| 382|0x0000000097e00000, 0x0000000097f00000, 0x0000000097f00000|100%| E|CS|TAMS 0x0000000097e00000| PB 0x0000000097e00000| Complete 
| 383|0x0000000097f00000, 0x0000000098000000, 0x0000000098000000|100%| E|CS|TAMS 0x0000000097f00000| PB 0x0000000097f00000| Complete 
| 384|0x0000000098000000, 0x0000000098100000, 0x0000000098100000|100%| E|CS|TAMS 0x0000000098000000| PB 0x0000000098000000| Complete 
| 385|0x0000000098100000, 0x0000000098200000, 0x0000000098200000|100%| E|CS|TAMS 0x0000000098100000| PB 0x0000000098100000| Complete 
| 386|0x0000000098200000, 0x0000000098300000, 0x0000000098300000|100%| E|CS|TAMS 0x0000000098200000| PB 0x0000000098200000| Complete 
| 387|0x0000000098300000, 0x0000000098400000, 0x0000000098400000|100%| E|CS|TAMS 0x0000000098300000| PB 0x0000000098300000| Complete 
| 388|0x0000000098400000, 0x0000000098500000, 0x0000000098500000|100%| E|CS|TAMS 0x0000000098400000| PB 0x0000000098400000| Complete 
| 389|0x0000000098500000, 0x0000000098600000, 0x0000000098600000|100%| E|CS|TAMS 0x0000000098500000| PB 0x0000000098500000| Complete 
| 390|0x0000000098600000, 0x0000000098700000, 0x0000000098700000|100%| E|CS|TAMS 0x0000000098600000| PB 0x0000000098600000| Complete 
| 391|0x0000000098700000, 0x0000000098800000, 0x0000000098800000|100%| E|CS|TAMS 0x0000000098700000| PB 0x0000000098700000| Complete 
| 392|0x0000000098800000, 0x0000000098900000, 0x0000000098900000|100%| E|CS|TAMS 0x0000000098800000| PB 0x0000000098800000| Complete 
| 393|0x0000000098900000, 0x0000000098a00000, 0x0000000098a00000|100%| E|CS|TAMS 0x0000000098900000| PB 0x0000000098900000| Complete 
| 394|0x0000000098a00000, 0x0000000098b00000, 0x0000000098b00000|100%| E|CS|TAMS 0x0000000098a00000| PB 0x0000000098a00000| Complete 
| 395|0x0000000098b00000, 0x0000000098c00000, 0x0000000098c00000|100%| E|CS|TAMS 0x0000000098b00000| PB 0x0000000098b00000| Complete 
| 396|0x0000000098c00000, 0x0000000098d00000, 0x0000000098d00000|100%| E|CS|TAMS 0x0000000098c00000| PB 0x0000000098c00000| Complete 
| 397|0x0000000098d00000, 0x0000000098e00000, 0x0000000098e00000|100%| E|CS|TAMS 0x0000000098d00000| PB 0x0000000098d00000| Complete 
| 398|0x0000000098e00000, 0x0000000098f00000, 0x0000000098f00000|100%| E|CS|TAMS 0x0000000098e00000| PB 0x0000000098e00000| Complete 
| 399|0x0000000098f00000, 0x0000000099000000, 0x0000000099000000|100%| E|CS|TAMS 0x0000000098f00000| PB 0x0000000098f00000| Complete 
| 400|0x0000000099000000, 0x0000000099100000, 0x0000000099100000|100%| E|CS|TAMS 0x0000000099000000| PB 0x0000000099000000| Complete 
| 401|0x0000000099100000, 0x0000000099200000, 0x0000000099200000|100%| E|CS|TAMS 0x0000000099100000| PB 0x0000000099100000| Complete 
| 402|0x0000000099200000, 0x0000000099300000, 0x0000000099300000|100%| E|CS|TAMS 0x0000000099200000| PB 0x0000000099200000| Complete 
| 403|0x0000000099300000, 0x0000000099400000, 0x0000000099400000|100%| E|CS|TAMS 0x0000000099300000| PB 0x0000000099300000| Complete 
| 404|0x0000000099400000, 0x0000000099500000, 0x0000000099500000|100%| E|CS|TAMS 0x0000000099400000| PB 0x0000000099400000| Complete 
| 405|0x0000000099500000, 0x0000000099600000, 0x0000000099600000|100%| E|CS|TAMS 0x0000000099500000| PB 0x0000000099500000| Complete 
| 406|0x0000000099600000, 0x0000000099700000, 0x0000000099700000|100%| E|CS|TAMS 0x0000000099600000| PB 0x0000000099600000| Complete 
| 407|0x0000000099700000, 0x0000000099800000, 0x0000000099800000|100%| E|CS|TAMS 0x0000000099700000| PB 0x0000000099700000| Complete 
| 408|0x0000000099800000, 0x0000000099900000, 0x0000000099900000|100%| E|CS|TAMS 0x0000000099800000| PB 0x0000000099800000| Complete 
| 409|0x0000000099900000, 0x0000000099a00000, 0x0000000099a00000|100%| E|CS|TAMS 0x0000000099900000| PB 0x0000000099900000| Complete 
| 410|0x0000000099a00000, 0x0000000099b00000, 0x0000000099b00000|100%| E|CS|TAMS 0x0000000099a00000| PB 0x0000000099a00000| Complete 
| 411|0x0000000099b00000, 0x0000000099c00000, 0x0000000099c00000|100%| E|CS|TAMS 0x0000000099b00000| PB 0x0000000099b00000| Complete 
| 412|0x0000000099c00000, 0x0000000099d00000, 0x0000000099d00000|100%| E|CS|TAMS 0x0000000099c00000| PB 0x0000000099c00000| Complete 
| 413|0x0000000099d00000, 0x0000000099e00000, 0x0000000099e00000|100%| E|CS|TAMS 0x0000000099d00000| PB 0x0000000099d00000| Complete 
| 414|0x0000000099e00000, 0x0000000099f00000, 0x0000000099f00000|100%| E|CS|TAMS 0x0000000099e00000| PB 0x0000000099e00000| Complete 
| 415|0x0000000099f00000, 0x000000009a000000, 0x000000009a000000|100%| E|CS|TAMS 0x0000000099f00000| PB 0x0000000099f00000| Complete 
| 416|0x000000009a000000, 0x000000009a100000, 0x000000009a100000|100%| E|CS|TAMS 0x000000009a000000| PB 0x000000009a000000| Complete 
| 417|0x000000009a100000, 0x000000009a200000, 0x000000009a200000|100%| E|CS|TAMS 0x000000009a100000| PB 0x000000009a100000| Complete 
| 418|0x000000009a200000, 0x000000009a300000, 0x000000009a300000|100%| E|CS|TAMS 0x000000009a200000| PB 0x000000009a200000| Complete 
| 419|0x000000009a300000, 0x000000009a400000, 0x000000009a400000|100%| E|CS|TAMS 0x000000009a300000| PB 0x000000009a300000| Complete 
| 420|0x000000009a400000, 0x000000009a500000, 0x000000009a500000|100%| E|CS|TAMS 0x000000009a400000| PB 0x000000009a400000| Complete 
| 421|0x000000009a500000, 0x000000009a600000, 0x000000009a600000|100%| E|CS|TAMS 0x000000009a500000| PB 0x000000009a500000| Complete 
| 422|0x000000009a600000, 0x000000009a700000, 0x000000009a700000|100%| E|CS|TAMS 0x000000009a600000| PB 0x000000009a600000| Complete 
| 423|0x000000009a700000, 0x000000009a800000, 0x000000009a800000|100%| E|CS|TAMS 0x000000009a700000| PB 0x000000009a700000| Complete 
| 424|0x000000009a800000, 0x000000009a900000, 0x000000009a900000|100%| E|CS|TAMS 0x000000009a800000| PB 0x000000009a800000| Complete 
| 425|0x000000009a900000, 0x000000009aa00000, 0x000000009aa00000|100%| E|CS|TAMS 0x000000009a900000| PB 0x000000009a900000| Complete 
| 426|0x000000009aa00000, 0x000000009ab00000, 0x000000009ab00000|100%| E|CS|TAMS 0x000000009aa00000| PB 0x000000009aa00000| Complete 
| 427|0x000000009ab00000, 0x000000009ac00000, 0x000000009ac00000|100%| E|CS|TAMS 0x000000009ab00000| PB 0x000000009ab00000| Complete 
| 428|0x000000009ac00000, 0x000000009ad00000, 0x000000009ad00000|100%| E|CS|TAMS 0x000000009ac00000| PB 0x000000009ac00000| Complete 
| 429|0x000000009ad00000, 0x000000009ae00000, 0x000000009ae00000|100%| E|CS|TAMS 0x000000009ad00000| PB 0x000000009ad00000| Complete 
| 430|0x000000009ae00000, 0x000000009af00000, 0x000000009af00000|100%| E|CS|TAMS 0x000000009ae00000| PB 0x000000009ae00000| Complete 
| 431|0x000000009af00000, 0x000000009b000000, 0x000000009b000000|100%| E|CS|TAMS 0x000000009af00000| PB 0x000000009af00000| Complete 
| 432|0x000000009b000000, 0x000000009b100000, 0x000000009b100000|100%| E|CS|TAMS 0x000000009b000000| PB 0x000000009b000000| Complete 
| 433|0x000000009b100000, 0x000000009b200000, 0x000000009b200000|100%| E|CS|TAMS 0x000000009b100000| PB 0x000000009b100000| Complete 
| 434|0x000000009b200000, 0x000000009b300000, 0x000000009b300000|100%| E|CS|TAMS 0x000000009b200000| PB 0x000000009b200000| Complete 
| 435|0x000000009b300000, 0x000000009b400000, 0x000000009b400000|100%| E|CS|TAMS 0x000000009b300000| PB 0x000000009b300000| Complete 
| 436|0x000000009b400000, 0x000000009b500000, 0x000000009b500000|100%| E|CS|TAMS 0x000000009b400000| PB 0x000000009b400000| Complete 
| 437|0x000000009b500000, 0x000000009b600000, 0x000000009b600000|100%| E|CS|TAMS 0x000000009b500000| PB 0x000000009b500000| Complete 
| 438|0x000000009b600000, 0x000000009b700000, 0x000000009b700000|100%| E|CS|TAMS 0x000000009b600000| PB 0x000000009b600000| Complete 
| 439|0x000000009b700000, 0x000000009b800000, 0x000000009b800000|100%| E|CS|TAMS 0x000000009b700000| PB 0x000000009b700000| Complete 
| 440|0x000000009b800000, 0x000000009b900000, 0x000000009b900000|100%| E|CS|TAMS 0x000000009b800000| PB 0x000000009b800000| Complete 
| 441|0x000000009b900000, 0x000000009ba00000, 0x000000009ba00000|100%| E|CS|TAMS 0x000000009b900000| PB 0x000000009b900000| Complete 
| 442|0x000000009ba00000, 0x000000009bb00000, 0x000000009bb00000|100%| E|CS|TAMS 0x000000009ba00000| PB 0x000000009ba00000| Complete 
| 443|0x000000009bb00000, 0x000000009bc00000, 0x000000009bc00000|100%| E|CS|TAMS 0x000000009bb00000| PB 0x000000009bb00000| Complete 
| 444|0x000000009bc00000, 0x000000009bd00000, 0x000000009bd00000|100%| E|CS|TAMS 0x000000009bc00000| PB 0x000000009bc00000| Complete 
| 445|0x000000009bd00000, 0x000000009be00000, 0x000000009be00000|100%| E|CS|TAMS 0x000000009bd00000| PB 0x000000009bd00000| Complete 
| 446|0x000000009be00000, 0x000000009bf00000, 0x000000009bf00000|100%| E|CS|TAMS 0x000000009be00000| PB 0x000000009be00000| Complete 
| 447|0x000000009bf00000, 0x000000009c000000, 0x000000009c000000|100%| E|CS|TAMS 0x000000009bf00000| PB 0x000000009bf00000| Complete 
| 448|0x000000009c000000, 0x000000009c100000, 0x000000009c100000|100%| E|CS|TAMS 0x000000009c000000| PB 0x000000009c000000| Complete 
| 449|0x000000009c100000, 0x000000009c200000, 0x000000009c200000|100%| E|CS|TAMS 0x000000009c100000| PB 0x000000009c100000| Complete 
| 450|0x000000009c200000, 0x000000009c300000, 0x000000009c300000|100%| E|CS|TAMS 0x000000009c200000| PB 0x000000009c200000| Complete 
| 451|0x000000009c300000, 0x000000009c400000, 0x000000009c400000|100%| E|CS|TAMS 0x000000009c300000| PB 0x000000009c300000| Complete 
| 452|0x000000009c400000, 0x000000009c500000, 0x000000009c500000|100%| E|CS|TAMS 0x000000009c400000| PB 0x000000009c400000| Complete 
| 453|0x000000009c500000, 0x000000009c600000, 0x000000009c600000|100%| E|CS|TAMS 0x000000009c500000| PB 0x000000009c500000| Complete 
| 454|0x000000009c600000, 0x000000009c700000, 0x000000009c700000|100%| E|CS|TAMS 0x000000009c600000| PB 0x000000009c600000| Complete 
| 455|0x000000009c700000, 0x000000009c800000, 0x000000009c800000|100%| E|CS|TAMS 0x000000009c700000| PB 0x000000009c700000| Complete 
| 456|0x000000009c800000, 0x000000009c900000, 0x000000009c900000|100%| E|CS|TAMS 0x000000009c800000| PB 0x000000009c800000| Complete 
| 457|0x000000009c900000, 0x000000009ca00000, 0x000000009ca00000|100%| E|CS|TAMS 0x000000009c900000| PB 0x000000009c900000| Complete 
| 458|0x000000009ca00000, 0x000000009cb00000, 0x000000009cb00000|100%| E|CS|TAMS 0x000000009ca00000| PB 0x000000009ca00000| Complete 
| 459|0x000000009cb00000, 0x000000009cc00000, 0x000000009cc00000|100%| E|CS|TAMS 0x000000009cb00000| PB 0x000000009cb00000| Complete 
| 460|0x000000009cc00000, 0x000000009cd00000, 0x000000009cd00000|100%| E|CS|TAMS 0x000000009cc00000| PB 0x000000009cc00000| Complete 
| 461|0x000000009cd00000, 0x000000009ce00000, 0x000000009ce00000|100%| E|CS|TAMS 0x000000009cd00000| PB 0x000000009cd00000| Complete 
| 462|0x000000009ce00000, 0x000000009cf00000, 0x000000009cf00000|100%| E|CS|TAMS 0x000000009ce00000| PB 0x000000009ce00000| Complete 
| 463|0x000000009cf00000, 0x000000009d000000, 0x000000009d000000|100%| E|CS|TAMS 0x000000009cf00000| PB 0x000000009cf00000| Complete 
| 464|0x000000009d000000, 0x000000009d100000, 0x000000009d100000|100%| E|CS|TAMS 0x000000009d000000| PB 0x000000009d000000| Complete 
| 465|0x000000009d100000, 0x000000009d200000, 0x000000009d200000|100%| E|CS|TAMS 0x000000009d100000| PB 0x000000009d100000| Complete 
| 466|0x000000009d200000, 0x000000009d300000, 0x000000009d300000|100%| E|CS|TAMS 0x000000009d200000| PB 0x000000009d200000| Complete 
| 467|0x000000009d300000, 0x000000009d400000, 0x000000009d400000|100%| E|CS|TAMS 0x000000009d300000| PB 0x000000009d300000| Complete 
| 468|0x000000009d400000, 0x000000009d500000, 0x000000009d500000|100%| E|CS|TAMS 0x000000009d400000| PB 0x000000009d400000| Complete 
| 469|0x000000009d500000, 0x000000009d600000, 0x000000009d600000|100%| E|CS|TAMS 0x000000009d500000| PB 0x000000009d500000| Complete 
| 470|0x000000009d600000, 0x000000009d700000, 0x000000009d700000|100%| E|CS|TAMS 0x000000009d600000| PB 0x000000009d600000| Complete 
| 471|0x000000009d700000, 0x000000009d800000, 0x000000009d800000|100%| E|CS|TAMS 0x000000009d700000| PB 0x000000009d700000| Complete 
| 472|0x000000009d800000, 0x000000009d900000, 0x000000009d900000|100%| E|CS|TAMS 0x000000009d800000| PB 0x000000009d800000| Complete 
| 473|0x000000009d900000, 0x000000009da00000, 0x000000009da00000|100%| E|CS|TAMS 0x000000009d900000| PB 0x000000009d900000| Complete 
| 474|0x000000009da00000, 0x000000009db00000, 0x000000009db00000|100%| E|CS|TAMS 0x000000009da00000| PB 0x000000009da00000| Complete 
| 475|0x000000009db00000, 0x000000009dc00000, 0x000000009dc00000|100%| E|CS|TAMS 0x000000009db00000| PB 0x000000009db00000| Complete 
| 476|0x000000009dc00000, 0x000000009dd00000, 0x000000009dd00000|100%| E|CS|TAMS 0x000000009dc00000| PB 0x000000009dc00000| Complete 
| 477|0x000000009dd00000, 0x000000009de00000, 0x000000009de00000|100%| E|CS|TAMS 0x000000009dd00000| PB 0x000000009dd00000| Complete 
| 478|0x000000009de00000, 0x000000009df00000, 0x000000009df00000|100%| E|CS|TAMS 0x000000009de00000| PB 0x000000009de00000| Complete 
| 479|0x000000009df00000, 0x000000009e000000, 0x000000009e000000|100%| E|CS|TAMS 0x000000009df00000| PB 0x000000009df00000| Complete 
| 480|0x000000009e000000, 0x000000009e100000, 0x000000009e100000|100%| E|CS|TAMS 0x000000009e000000| PB 0x000000009e000000| Complete 
| 481|0x000000009e100000, 0x000000009e200000, 0x000000009e200000|100%| E|CS|TAMS 0x000000009e100000| PB 0x000000009e100000| Complete 
| 482|0x000000009e200000, 0x000000009e300000, 0x000000009e300000|100%| E|CS|TAMS 0x000000009e200000| PB 0x000000009e200000| Complete 
| 483|0x000000009e300000, 0x000000009e400000, 0x000000009e400000|100%| E|CS|TAMS 0x000000009e300000| PB 0x000000009e300000| Complete 
| 484|0x000000009e400000, 0x000000009e500000, 0x000000009e500000|100%| E|CS|TAMS 0x000000009e400000| PB 0x000000009e400000| Complete 
| 485|0x000000009e500000, 0x000000009e600000, 0x000000009e600000|100%| E|CS|TAMS 0x000000009e500000| PB 0x000000009e500000| Complete 
| 486|0x000000009e600000, 0x000000009e700000, 0x000000009e700000|100%| E|CS|TAMS 0x000000009e600000| PB 0x000000009e600000| Complete 
| 487|0x000000009e700000, 0x000000009e800000, 0x000000009e800000|100%| E|CS|TAMS 0x000000009e700000| PB 0x000000009e700000| Complete 
| 488|0x000000009e800000, 0x000000009e900000, 0x000000009e900000|100%| E|CS|TAMS 0x000000009e800000| PB 0x000000009e800000| Complete 
| 489|0x000000009e900000, 0x000000009ea00000, 0x000000009ea00000|100%| E|CS|TAMS 0x000000009e900000| PB 0x000000009e900000| Complete 
| 490|0x000000009ea00000, 0x000000009eb00000, 0x000000009eb00000|100%| E|CS|TAMS 0x000000009ea00000| PB 0x000000009ea00000| Complete 
| 491|0x000000009eb00000, 0x000000009ec00000, 0x000000009ec00000|100%| E|CS|TAMS 0x000000009eb00000| PB 0x000000009eb00000| Complete 
| 492|0x000000009ec00000, 0x000000009ed00000, 0x000000009ed00000|100%| E|CS|TAMS 0x000000009ec00000| PB 0x000000009ec00000| Complete 
| 493|0x000000009ed00000, 0x000000009ee00000, 0x000000009ee00000|100%| E|CS|TAMS 0x000000009ed00000| PB 0x000000009ed00000| Complete 
| 494|0x000000009ee00000, 0x000000009ef00000, 0x000000009ef00000|100%| E|CS|TAMS 0x000000009ee00000| PB 0x000000009ee00000| Complete 
| 495|0x000000009ef00000, 0x000000009f000000, 0x000000009f000000|100%| E|CS|TAMS 0x000000009ef00000| PB 0x000000009ef00000| Complete 
| 496|0x000000009f000000, 0x000000009f100000, 0x000000009f100000|100%| E|CS|TAMS 0x000000009f000000| PB 0x000000009f000000| Complete 
| 497|0x000000009f100000, 0x000000009f200000, 0x000000009f200000|100%| E|CS|TAMS 0x000000009f100000| PB 0x000000009f100000| Complete 
| 498|0x000000009f200000, 0x000000009f300000, 0x000000009f300000|100%| E|CS|TAMS 0x000000009f200000| PB 0x000000009f200000| Complete 
| 499|0x000000009f300000, 0x000000009f400000, 0x000000009f400000|100%| E|CS|TAMS 0x000000009f300000| PB 0x000000009f300000| Complete 
| 500|0x000000009f400000, 0x000000009f500000, 0x000000009f500000|100%| E|CS|TAMS 0x000000009f400000| PB 0x000000009f400000| Complete 
| 501|0x000000009f500000, 0x000000009f600000, 0x000000009f600000|100%| E|CS|TAMS 0x000000009f500000| PB 0x000000009f500000| Complete 
| 502|0x000000009f600000, 0x000000009f700000, 0x000000009f700000|100%| E|CS|TAMS 0x000000009f600000| PB 0x000000009f600000| Complete 
| 503|0x000000009f700000, 0x000000009f800000, 0x000000009f800000|100%| E|CS|TAMS 0x000000009f700000| PB 0x000000009f700000| Complete 
| 504|0x000000009f800000, 0x000000009f900000, 0x000000009f900000|100%| E|CS|TAMS 0x000000009f800000| PB 0x000000009f800000| Complete 
| 505|0x000000009f900000, 0x000000009fa00000, 0x000000009fa00000|100%| E|CS|TAMS 0x000000009f900000| PB 0x000000009f900000| Complete 
| 506|0x000000009fa00000, 0x000000009fb00000, 0x000000009fb00000|100%| E|CS|TAMS 0x000000009fa00000| PB 0x000000009fa00000| Complete 
| 507|0x000000009fb00000, 0x000000009fc00000, 0x000000009fc00000|100%| E|CS|TAMS 0x000000009fb00000| PB 0x000000009fb00000| Complete 
| 508|0x000000009fc00000, 0x000000009fd00000, 0x000000009fd00000|100%| E|CS|TAMS 0x000000009fc00000| PB 0x000000009fc00000| Complete 
| 509|0x000000009fd00000, 0x000000009fe00000, 0x000000009fe00000|100%| E|CS|TAMS 0x000000009fd00000| PB 0x000000009fd00000| Complete 
| 510|0x000000009fe00000, 0x000000009ff00000, 0x000000009ff00000|100%| E|CS|TAMS 0x000000009fe00000| PB 0x000000009fe00000| Complete 
| 511|0x000000009ff00000, 0x00000000a0000000, 0x00000000a0000000|100%| E|CS|TAMS 0x000000009ff00000| PB 0x000000009ff00000| Complete 
| 512|0x00000000a0000000, 0x00000000a0100000, 0x00000000a0100000|100%| E|CS|TAMS 0x00000000a0000000| PB 0x00000000a0000000| Complete 
| 513|0x00000000a0100000, 0x00000000a0200000, 0x00000000a0200000|100%| E|CS|TAMS 0x00000000a0100000| PB 0x00000000a0100000| Complete 
| 514|0x00000000a0200000, 0x00000000a0300000, 0x00000000a0300000|100%| E|CS|TAMS 0x00000000a0200000| PB 0x00000000a0200000| Complete 
| 515|0x00000000a0300000, 0x00000000a0400000, 0x00000000a0400000|100%| E|CS|TAMS 0x00000000a0300000| PB 0x00000000a0300000| Complete 
| 516|0x00000000a0400000, 0x00000000a0500000, 0x00000000a0500000|100%| E|CS|TAMS 0x00000000a0400000| PB 0x00000000a0400000| Complete 
| 517|0x00000000a0500000, 0x00000000a0600000, 0x00000000a0600000|100%| E|CS|TAMS 0x00000000a0500000| PB 0x00000000a0500000| Complete 
| 518|0x00000000a0600000, 0x00000000a0700000, 0x00000000a0700000|100%| E|CS|TAMS 0x00000000a0600000| PB 0x00000000a0600000| Complete 
| 519|0x00000000a0700000, 0x00000000a0800000, 0x00000000a0800000|100%| E|CS|TAMS 0x00000000a0700000| PB 0x00000000a0700000| Complete 
| 520|0x00000000a0800000, 0x00000000a0900000, 0x00000000a0900000|100%| E|CS|TAMS 0x00000000a0800000| PB 0x00000000a0800000| Complete 
| 521|0x00000000a0900000, 0x00000000a0a00000, 0x00000000a0a00000|100%| E|CS|TAMS 0x00000000a0900000| PB 0x00000000a0900000| Complete 
| 522|0x00000000a0a00000, 0x00000000a0b00000, 0x00000000a0b00000|100%| E|CS|TAMS 0x00000000a0a00000| PB 0x00000000a0a00000| Complete 
| 523|0x00000000a0b00000, 0x00000000a0c00000, 0x00000000a0c00000|100%| E|CS|TAMS 0x00000000a0b00000| PB 0x00000000a0b00000| Complete 
| 524|0x00000000a0c00000, 0x00000000a0d00000, 0x00000000a0d00000|100%| E|CS|TAMS 0x00000000a0c00000| PB 0x00000000a0c00000| Complete 
| 525|0x00000000a0d00000, 0x00000000a0e00000, 0x00000000a0e00000|100%| E|CS|TAMS 0x00000000a0d00000| PB 0x00000000a0d00000| Complete 
| 526|0x00000000a0e00000, 0x00000000a0f00000, 0x00000000a0f00000|100%| E|CS|TAMS 0x00000000a0e00000| PB 0x00000000a0e00000| Complete 
| 527|0x00000000a0f00000, 0x00000000a1000000, 0x00000000a1000000|100%| E|CS|TAMS 0x00000000a0f00000| PB 0x00000000a0f00000| Complete 
| 528|0x00000000a1000000, 0x00000000a1100000, 0x00000000a1100000|100%| E|CS|TAMS 0x00000000a1000000| PB 0x00000000a1000000| Complete 
| 529|0x00000000a1100000, 0x00000000a1200000, 0x00000000a1200000|100%| E|CS|TAMS 0x00000000a1100000| PB 0x00000000a1100000| Complete 
| 530|0x00000000a1200000, 0x00000000a1300000, 0x00000000a1300000|100%| E|CS|TAMS 0x00000000a1200000| PB 0x00000000a1200000| Complete 
| 531|0x00000000a1300000, 0x00000000a1400000, 0x00000000a1400000|100%| E|CS|TAMS 0x00000000a1300000| PB 0x00000000a1300000| Complete 
| 532|0x00000000a1400000, 0x00000000a1500000, 0x00000000a1500000|100%| E|CS|TAMS 0x00000000a1400000| PB 0x00000000a1400000| Complete 
| 533|0x00000000a1500000, 0x00000000a1600000, 0x00000000a1600000|100%| E|CS|TAMS 0x00000000a1500000| PB 0x00000000a1500000| Complete 
| 534|0x00000000a1600000, 0x00000000a1700000, 0x00000000a1700000|100%| E|CS|TAMS 0x00000000a1600000| PB 0x00000000a1600000| Complete 
| 535|0x00000000a1700000, 0x00000000a1800000, 0x00000000a1800000|100%| E|CS|TAMS 0x00000000a1700000| PB 0x00000000a1700000| Complete 
| 536|0x00000000a1800000, 0x00000000a1900000, 0x00000000a1900000|100%| E|CS|TAMS 0x00000000a1800000| PB 0x00000000a1800000| Complete 
| 537|0x00000000a1900000, 0x00000000a1a00000, 0x00000000a1a00000|100%| E|CS|TAMS 0x00000000a1900000| PB 0x00000000a1900000| Complete 
| 538|0x00000000a1a00000, 0x00000000a1b00000, 0x00000000a1b00000|100%| E|CS|TAMS 0x00000000a1a00000| PB 0x00000000a1a00000| Complete 
| 539|0x00000000a1b00000, 0x00000000a1c00000, 0x00000000a1c00000|100%| E|CS|TAMS 0x00000000a1b00000| PB 0x00000000a1b00000| Complete 
| 540|0x00000000a1c00000, 0x00000000a1d00000, 0x00000000a1d00000|100%| E|CS|TAMS 0x00000000a1c00000| PB 0x00000000a1c00000| Complete 
| 541|0x00000000a1d00000, 0x00000000a1e00000, 0x00000000a1e00000|100%| E|CS|TAMS 0x00000000a1d00000| PB 0x00000000a1d00000| Complete 
| 542|0x00000000a1e00000, 0x00000000a1f00000, 0x00000000a1f00000|100%| E|CS|TAMS 0x00000000a1e00000| PB 0x00000000a1e00000| Complete 
| 543|0x00000000a1f00000, 0x00000000a2000000, 0x00000000a2000000|100%| E|CS|TAMS 0x00000000a1f00000| PB 0x00000000a1f00000| Complete 
| 544|0x00000000a2000000, 0x00000000a2100000, 0x00000000a2100000|100%| E|CS|TAMS 0x00000000a2000000| PB 0x00000000a2000000| Complete 
| 545|0x00000000a2100000, 0x00000000a2200000, 0x00000000a2200000|100%| E|CS|TAMS 0x00000000a2100000| PB 0x00000000a2100000| Complete 
| 546|0x00000000a2200000, 0x00000000a2300000, 0x00000000a2300000|100%| E|CS|TAMS 0x00000000a2200000| PB 0x00000000a2200000| Complete 
| 547|0x00000000a2300000, 0x00000000a2400000, 0x00000000a2400000|100%| E|CS|TAMS 0x00000000a2300000| PB 0x00000000a2300000| Complete 
| 548|0x00000000a2400000, 0x00000000a2500000, 0x00000000a2500000|100%| E|CS|TAMS 0x00000000a2400000| PB 0x00000000a2400000| Complete 
| 549|0x00000000a2500000, 0x00000000a2600000, 0x00000000a2600000|100%| E|CS|TAMS 0x00000000a2500000| PB 0x00000000a2500000| Complete 
| 550|0x00000000a2600000, 0x00000000a2700000, 0x00000000a2700000|100%| E|CS|TAMS 0x00000000a2600000| PB 0x00000000a2600000| Complete 
| 551|0x00000000a2700000, 0x00000000a2800000, 0x00000000a2800000|100%| E|CS|TAMS 0x00000000a2700000| PB 0x00000000a2700000| Complete 
| 552|0x00000000a2800000, 0x00000000a2900000, 0x00000000a2900000|100%| E|CS|TAMS 0x00000000a2800000| PB 0x00000000a2800000| Complete 
| 553|0x00000000a2900000, 0x00000000a2a00000, 0x00000000a2a00000|100%| E|CS|TAMS 0x00000000a2900000| PB 0x00000000a2900000| Complete 
| 554|0x00000000a2a00000, 0x00000000a2b00000, 0x00000000a2b00000|100%| E|CS|TAMS 0x00000000a2a00000| PB 0x00000000a2a00000| Complete 
| 555|0x00000000a2b00000, 0x00000000a2c00000, 0x00000000a2c00000|100%| E|CS|TAMS 0x00000000a2b00000| PB 0x00000000a2b00000| Complete 
| 556|0x00000000a2c00000, 0x00000000a2d00000, 0x00000000a2d00000|100%| E|CS|TAMS 0x00000000a2c00000| PB 0x00000000a2c00000| Complete 
| 557|0x00000000a2d00000, 0x00000000a2e00000, 0x00000000a2e00000|100%| E|CS|TAMS 0x00000000a2d00000| PB 0x00000000a2d00000| Complete 
| 558|0x00000000a2e00000, 0x00000000a2f00000, 0x00000000a2f00000|100%| E|CS|TAMS 0x00000000a2e00000| PB 0x00000000a2e00000| Complete 
| 559|0x00000000a2f00000, 0x00000000a3000000, 0x00000000a3000000|100%| E|CS|TAMS 0x00000000a2f00000| PB 0x00000000a2f00000| Complete 
| 560|0x00000000a3000000, 0x00000000a3100000, 0x00000000a3100000|100%| E|CS|TAMS 0x00000000a3000000| PB 0x00000000a3000000| Complete 
| 561|0x00000000a3100000, 0x00000000a3200000, 0x00000000a3200000|100%| E|CS|TAMS 0x00000000a3100000| PB 0x00000000a3100000| Complete 
| 562|0x00000000a3200000, 0x00000000a3280000, 0x00000000a3300000| 50%| E|CS|TAMS 0x00000000a3200000| PB 0x00000000a3200000| Complete 
| 563|0x00000000a3300000, 0x00000000a3400000, 0x00000000a3400000|100%| E|CS|TAMS 0x00000000a3300000| PB 0x00000000a3300000| Complete 
| 564|0x00000000a3400000, 0x00000000a3500000, 0x00000000a3500000|100%| E|CS|TAMS 0x00000000a3400000| PB 0x00000000a3400000| Complete 
| 565|0x00000000a3500000, 0x00000000a3600000, 0x00000000a3600000|100%| E|CS|TAMS 0x00000000a3500000| PB 0x00000000a3500000| Complete 
| 566|0x00000000a3600000, 0x00000000a3700000, 0x00000000a3700000|100%| E|CS|TAMS 0x00000000a3600000| PB 0x00000000a3600000| Complete 
| 567|0x00000000a3700000, 0x00000000a3800000, 0x00000000a3800000|100%| E|CS|TAMS 0x00000000a3700000| PB 0x00000000a3700000| Complete 
| 568|0x00000000a3800000, 0x00000000a3900000, 0x00000000a3900000|100%| E|CS|TAMS 0x00000000a3800000| PB 0x00000000a3800000| Complete 
| 569|0x00000000a3900000, 0x00000000a3a00000, 0x00000000a3a00000|100%| E|CS|TAMS 0x00000000a3900000| PB 0x00000000a3900000| Complete 
| 570|0x00000000a3a00000, 0x00000000a3b00000, 0x00000000a3b00000|100%| E|CS|TAMS 0x00000000a3a00000| PB 0x00000000a3a00000| Complete 
| 571|0x00000000a3b00000, 0x00000000a3c00000, 0x00000000a3c00000|100%| E|CS|TAMS 0x00000000a3b00000| PB 0x00000000a3b00000| Complete 
| 572|0x00000000a3c00000, 0x00000000a3d00000, 0x00000000a3d00000|100%| E|CS|TAMS 0x00000000a3c00000| PB 0x00000000a3c00000| Complete 
| 573|0x00000000a3d00000, 0x00000000a3e00000, 0x00000000a3e00000|100%| E|CS|TAMS 0x00000000a3d00000| PB 0x00000000a3d00000| Complete 
| 591|0x00000000a4f00000, 0x00000000a5000000, 0x00000000a5000000|100%| E|CS|TAMS 0x00000000a4f00000| PB 0x00000000a4f00000| Complete 
| 592|0x00000000a5000000, 0x00000000a5100000, 0x00000000a5100000|100%| E|CS|TAMS 0x00000000a5000000| PB 0x00000000a5000000| Complete 
| 603|0x00000000a5b00000, 0x00000000a5c00000, 0x00000000a5c00000|100%| E|CS|TAMS 0x00000000a5b00000| PB 0x00000000a5b00000| Complete 
| 604|0x00000000a5c00000, 0x00000000a5d00000, 0x00000000a5d00000|100%| E|CS|TAMS 0x00000000a5c00000| PB 0x00000000a5c00000| Complete 
| 605|0x00000000a5d00000, 0x00000000a5e00000, 0x00000000a5e00000|100%| E|CS|TAMS 0x00000000a5d00000| PB 0x00000000a5d00000| Complete 
| 606|0x00000000a5e00000, 0x00000000a5f00000, 0x00000000a5f00000|100%| E|CS|TAMS 0x00000000a5e00000| PB 0x00000000a5e00000| Complete 
| 607|0x00000000a5f00000, 0x00000000a6000000, 0x00000000a6000000|100%| E|CS|TAMS 0x00000000a5f00000| PB 0x00000000a5f00000| Complete 
| 608|0x00000000a6000000, 0x00000000a6100000, 0x00000000a6100000|100%| E|CS|TAMS 0x00000000a6000000| PB 0x00000000a6000000| Complete 
| 609|0x00000000a6100000, 0x00000000a6200000, 0x00000000a6200000|100%| E|CS|TAMS 0x00000000a6100000| PB 0x00000000a6100000| Complete 
| 610|0x00000000a6200000, 0x00000000a6300000, 0x00000000a6300000|100%| E|CS|TAMS 0x00000000a6200000| PB 0x00000000a6200000| Complete 
| 611|0x00000000a6300000, 0x00000000a6400000, 0x00000000a6400000|100%| E|CS|TAMS 0x00000000a6300000| PB 0x00000000a6300000| Complete 
| 612|0x00000000a6400000, 0x00000000a6500000, 0x00000000a6500000|100%| E|CS|TAMS 0x00000000a6400000| PB 0x00000000a6400000| Complete 
| 613|0x00000000a6500000, 0x00000000a6600000, 0x00000000a6600000|100%| E|CS|TAMS 0x00000000a6500000| PB 0x00000000a6500000| Complete 
| 614|0x00000000a6600000, 0x00000000a6700000, 0x00000000a6700000|100%| E|CS|TAMS 0x00000000a6600000| PB 0x00000000a6600000| Complete 
| 615|0x00000000a6700000, 0x00000000a6800000, 0x00000000a6800000|100%| E|CS|TAMS 0x00000000a6700000| PB 0x00000000a6700000| Complete 
| 616|0x00000000a6800000, 0x00000000a6900000, 0x00000000a6900000|100%| E|CS|TAMS 0x00000000a6800000| PB 0x00000000a6800000| Complete 
| 617|0x00000000a6900000, 0x00000000a6a00000, 0x00000000a6a00000|100%| E|CS|TAMS 0x00000000a6900000| PB 0x00000000a6900000| Complete 
| 618|0x00000000a6a00000, 0x00000000a6b00000, 0x00000000a6b00000|100%| E|CS|TAMS 0x00000000a6a00000| PB 0x00000000a6a00000| Complete 
| 619|0x00000000a6b00000, 0x00000000a6c00000, 0x00000000a6c00000|100%| E|CS|TAMS 0x00000000a6b00000| PB 0x00000000a6b00000| Complete 
| 620|0x00000000a6c00000, 0x00000000a6d00000, 0x00000000a6d00000|100%| E|CS|TAMS 0x00000000a6c00000| PB 0x00000000a6c00000| Complete 
| 621|0x00000000a6d00000, 0x00000000a6e00000, 0x00000000a6e00000|100%| E|CS|TAMS 0x00000000a6d00000| PB 0x00000000a6d00000| Complete 
| 622|0x00000000a6e00000, 0x00000000a6f00000, 0x00000000a6f00000|100%| E|CS|TAMS 0x00000000a6e00000| PB 0x00000000a6e00000| Complete 
| 623|0x00000000a6f00000, 0x00000000a7000000, 0x00000000a7000000|100%| E|CS|TAMS 0x00000000a6f00000| PB 0x00000000a6f00000| Complete 
| 624|0x00000000a7000000, 0x00000000a7100000, 0x00000000a7100000|100%| E|CS|TAMS 0x00000000a7000000| PB 0x00000000a7000000| Complete 
| 625|0x00000000a7100000, 0x00000000a7200000, 0x00000000a7200000|100%| E|CS|TAMS 0x00000000a7100000| PB 0x00000000a7100000| Complete 
| 626|0x00000000a7200000, 0x00000000a7300000, 0x00000000a7300000|100%| E|CS|TAMS 0x00000000a7200000| PB 0x00000000a7200000| Complete 
| 627|0x00000000a7300000, 0x00000000a7400000, 0x00000000a7400000|100%| E|CS|TAMS 0x00000000a7300000| PB 0x00000000a7300000| Complete 
| 628|0x00000000a7400000, 0x00000000a7500000, 0x00000000a7500000|100%| E|CS|TAMS 0x00000000a7400000| PB 0x00000000a7400000| Complete 
| 629|0x00000000a7500000, 0x00000000a7600000, 0x00000000a7600000|100%| E|CS|TAMS 0x00000000a7500000| PB 0x00000000a7500000| Complete 
| 630|0x00000000a7600000, 0x00000000a7700000, 0x00000000a7700000|100%| E|CS|TAMS 0x00000000a7600000| PB 0x00000000a7600000| Complete 
| 631|0x00000000a7700000, 0x00000000a7800000, 0x00000000a7800000|100%| E|CS|TAMS 0x00000000a7700000| PB 0x00000000a7700000| Complete 
| 632|0x00000000a7800000, 0x00000000a7900000, 0x00000000a7900000|100%| E|CS|TAMS 0x00000000a7800000| PB 0x00000000a7800000| Complete 
| 633|0x00000000a7900000, 0x00000000a7a00000, 0x00000000a7a00000|100%| E|CS|TAMS 0x00000000a7900000| PB 0x00000000a7900000| Complete 
| 634|0x00000000a7a00000, 0x00000000a7b00000, 0x00000000a7b00000|100%| E|CS|TAMS 0x00000000a7a00000| PB 0x00000000a7a00000| Complete 
| 635|0x00000000a7b00000, 0x00000000a7c00000, 0x00000000a7c00000|100%| E|CS|TAMS 0x00000000a7b00000| PB 0x00000000a7b00000| Complete 
| 636|0x00000000a7c00000, 0x00000000a7d00000, 0x00000000a7d00000|100%| E|CS|TAMS 0x00000000a7c00000| PB 0x00000000a7c00000| Complete 
| 637|0x00000000a7d00000, 0x00000000a7e00000, 0x00000000a7e00000|100%| E|CS|TAMS 0x00000000a7d00000| PB 0x00000000a7d00000| Complete 
| 638|0x00000000a7e00000, 0x00000000a7f00000, 0x00000000a7f00000|100%| E|CS|TAMS 0x00000000a7e00000| PB 0x00000000a7e00000| Complete 
| 639|0x00000000a7f00000, 0x00000000a8000000, 0x00000000a8000000|100%| E|CS|TAMS 0x00000000a7f00000| PB 0x00000000a7f00000| Complete 
| 640|0x00000000a8000000, 0x00000000a8100000, 0x00000000a8100000|100%| E|CS|TAMS 0x00000000a8000000| PB 0x00000000a8000000| Complete 
| 641|0x00000000a8100000, 0x00000000a8200000, 0x00000000a8200000|100%| E|CS|TAMS 0x00000000a8100000| PB 0x00000000a8100000| Complete 
| 642|0x00000000a8200000, 0x00000000a8300000, 0x00000000a8300000|100%| E|CS|TAMS 0x00000000a8200000| PB 0x00000000a8200000| Complete 
| 643|0x00000000a8300000, 0x00000000a8400000, 0x00000000a8400000|100%| E|CS|TAMS 0x00000000a8300000| PB 0x00000000a8300000| Complete 
| 644|0x00000000a8400000, 0x00000000a8500000, 0x00000000a8500000|100%| E|CS|TAMS 0x00000000a8400000| PB 0x00000000a8400000| Complete 
| 645|0x00000000a8500000, 0x00000000a8600000, 0x00000000a8600000|100%| E|CS|TAMS 0x00000000a8500000| PB 0x00000000a8500000| Complete 
| 711|0x00000000ac700000, 0x00000000ac800000, 0x00000000ac800000|100%| E|CS|TAMS 0x00000000ac700000| PB 0x00000000ac700000| Complete 
| 712|0x00000000ac800000, 0x00000000ac900000, 0x00000000ac900000|100%| E|CS|TAMS 0x00000000ac800000| PB 0x00000000ac800000| Complete 
| 713|0x00000000ac900000, 0x00000000aca00000, 0x00000000aca00000|100%| E|CS|TAMS 0x00000000ac900000| PB 0x00000000ac900000| Complete 
| 714|0x00000000aca00000, 0x00000000acb00000, 0x00000000acb00000|100%| E|CS|TAMS 0x00000000aca00000| PB 0x00000000aca00000| Complete 
| 715|0x00000000acb00000, 0x00000000acc00000, 0x00000000acc00000|100%| E|CS|TAMS 0x00000000acb00000| PB 0x00000000acb00000| Complete 
|2017|0x00000000fe100000, 0x00000000fe200000, 0x00000000fe200000|100%| E|CS|TAMS 0x00000000fe100000| PB 0x00000000fe100000| Complete 
|2018|0x00000000fe200000, 0x00000000fe300000, 0x00000000fe300000|100%| O|  |TAMS 0x00000000fe200000| PB 0x00000000fe200000| Untracked 
|2019|0x00000000fe300000, 0x00000000fe400000, 0x00000000fe400000|100%| O|  |TAMS 0x00000000fe300000| PB 0x00000000fe300000| Untracked 
|2020|0x00000000fe400000, 0x00000000fe500000, 0x00000000fe500000|100%| E|CS|TAMS 0x00000000fe400000| PB 0x00000000fe400000| Complete 
|2021|0x00000000fe500000, 0x00000000fe600000, 0x00000000fe600000|100%| E|CS|TAMS 0x00000000fe500000| PB 0x00000000fe500000| Complete 
|2022|0x00000000fe600000, 0x00000000fe700000, 0x00000000fe700000|100%| E|CS|TAMS 0x00000000fe600000| PB 0x00000000fe600000| Complete 
|2023|0x00000000fe700000, 0x00000000fe800000, 0x00000000fe800000|100%| E|CS|TAMS 0x00000000fe700000| PB 0x00000000fe700000| Complete 
|2024|0x00000000fe800000, 0x00000000fe900000, 0x00000000fe900000|100%| E|CS|TAMS 0x00000000fe800000| PB 0x00000000fe800000| Complete 
|2025|0x00000000fe900000, 0x00000000fea00000, 0x00000000fea00000|100%| E|CS|TAMS 0x00000000fe900000| PB 0x00000000fe900000| Complete 
|2026|0x00000000fea00000, 0x00000000feb00000, 0x00000000feb00000|100%| O|  |TAMS 0x00000000fea00000| PB 0x00000000fea00000| Untracked 
|2027|0x00000000feb00000, 0x00000000fec00000, 0x00000000fec00000|100%| O|  |TAMS 0x00000000feb00000| PB 0x00000000feb00000| Untracked 
|2028|0x00000000fec00000, 0x00000000fed00000, 0x00000000fed00000|100%| E|CS|TAMS 0x00000000fec00000| PB 0x00000000fec00000| Complete 
|2029|0x00000000fed00000, 0x00000000fee00000, 0x00000000fee00000|100%| E|CS|TAMS 0x00000000fed00000| PB 0x00000000fed00000| Complete 
|2030|0x00000000fee00000, 0x00000000fef00000, 0x00000000fef00000|100%| E|CS|TAMS 0x00000000fee00000| PB 0x00000000fee00000| Complete 
|2031|0x00000000fef00000, 0x00000000ff000000, 0x00000000ff000000|100%| E|CS|TAMS 0x00000000fef00000| PB 0x00000000fef00000| Complete 
|2032|0x00000000ff000000, 0x00000000ff100000, 0x00000000ff100000|100%| E|CS|TAMS 0x00000000ff000000| PB 0x00000000ff000000| Complete 
|2033|0x00000000ff100000, 0x00000000ff200000, 0x00000000ff200000|100%| E|CS|TAMS 0x00000000ff100000| PB 0x00000000ff100000| Complete 
|2034|0x00000000ff200000, 0x00000000ff300000, 0x00000000ff300000|100%| E|CS|TAMS 0x00000000ff200000| PB 0x00000000ff200000| Complete 
|2035|0x00000000ff300000, 0x00000000ff400000, 0x00000000ff400000|100%| E|CS|TAMS 0x00000000ff300000| PB 0x00000000ff300000| Complete 
|2036|0x00000000ff400000, 0x00000000ff500000, 0x00000000ff500000|100%| E|CS|TAMS 0x00000000ff400000| PB 0x00000000ff400000| Complete 
|2037|0x00000000ff500000, 0x00000000ff600000, 0x00000000ff600000|100%| E|CS|TAMS 0x00000000ff500000| PB 0x00000000ff500000| Complete 
|2038|0x00000000ff600000, 0x00000000ff700000, 0x00000000ff700000|100%| E|CS|TAMS 0x00000000ff600000| PB 0x00000000ff600000| Complete 
|2039|0x00000000ff700000, 0x00000000ff800000, 0x00000000ff800000|100%| E|CS|TAMS 0x00000000ff700000| PB 0x00000000ff700000| Complete 
|2040|0x00000000ff800000, 0x00000000ff900000, 0x00000000ff900000|100%| E|CS|TAMS 0x00000000ff800000| PB 0x00000000ff800000| Complete 
|2041|0x00000000ff900000, 0x00000000ffa00000, 0x00000000ffa00000|100%| E|CS|TAMS 0x00000000ff900000| PB 0x00000000ff900000| Complete 
|2042|0x00000000ffa00000, 0x00000000ffb00000, 0x00000000ffb00000|100%| O|  |TAMS 0x00000000ffa00000| PB 0x00000000ffa00000| Untracked 
|2043|0x00000000ffb00000, 0x00000000ffc00000, 0x00000000ffc00000|100%| O|  |TAMS 0x00000000ffb00000| PB 0x00000000ffb00000| Untracked 
|2044|0x00000000ffc00000, 0x00000000ffd00000, 0x00000000ffd00000|100%| O|  |TAMS 0x00000000ffc00000| PB 0x00000000ffc00000| Untracked 
|2045|0x00000000ffd00000, 0x00000000ffe00000, 0x00000000ffe00000|100%| O|  |TAMS 0x00000000ffd00000| PB 0x00000000ffd00000| Untracked 
|2046|0x00000000ffe00000, 0x00000000fff00000, 0x00000000fff00000|100%| O|  |TAMS 0x00000000ffe00000| PB 0x00000000ffe00000| Untracked 
|2047|0x00000000fff00000, 0x0000000100000000, 0x0000000100000000|100%| O|  |TAMS 0x00000000fff00000| PB 0x00000000fff00000| Untracked 

Card table byte_map: [0x0000024c9c090000,0x0000024c9c490000] _byte_map_base: 0x0000024c9bc90000

Marking Bits: (CMBitMap*) 0x0000024c89b86480
 Bits: [0x0000024c9c490000, 0x0000024c9e490000)

Polling page: 0x0000024c877f0000

Metaspace:

Usage:
  Non-class:    143.39 MB used.
      Class:     20.98 MB used.
       Both:    164.37 MB used.

Virtual space:
  Non-class space:      192.00 MB reserved,     144.38 MB ( 75%) committed,  3 nodes.
      Class space:        1.00 GB reserved,      22.00 MB (  2%) committed,  1 nodes.
             Both:        1.19 GB reserved,     166.38 MB ( 14%) committed. 

Chunk freelists:
   Non-Class:  15.63 MB
       Class:  9.97 MB
        Both:  25.61 MB

MaxMetaspaceSize: unlimited
CompressedClassSpaceSize: 1.00 GB
Initial GC threshold: 21.00 MB
Current GC threshold: 277.31 MB
CDS: off
 - commit_granule_bytes: 65536.
 - commit_granule_words: 8192.
 - virtual_space_node_default_size: 8388608.
 - enlarge_chunks_in_place: 1.
 - use_allocation_guard: 0.


Internal statistics:

num_allocs_failed_limit: 6.
num_arena_births: 3830.
num_arena_deaths: 10.
num_vsnodes_births: 4.
num_vsnodes_deaths: 0.
num_space_committed: 2661.
num_space_uncommitted: 0.
num_chunks_returned_to_freelist: 22.
num_chunks_taken_from_freelist: 10141.
num_chunk_merges: 3.
num_chunk_splits: 7178.
num_chunks_enlarged: 5199.
num_inconsistent_stats: 0.

CodeHeap 'non-profiled nmethods': size=120000Kb used=13450Kb max_used=14743Kb free=106549Kb
 bounds [0x0000024c94760000, 0x0000024c955f0000, 0x0000024c9bc90000]
CodeHeap 'profiled nmethods': size=120000Kb used=32337Kb max_used=35735Kb free=87662Kb
 bounds [0x0000024c8cc90000, 0x0000024c8efa0000, 0x0000024c941c0000]
CodeHeap 'non-nmethods': size=5760Kb used=2470Kb max_used=2532Kb free=3289Kb
 bounds [0x0000024c941c0000, 0x0000024c94450000, 0x0000024c94760000]
 total_blobs=16586 nmethods=15463 adapters=1024
 compilation: enabled
              stopped_count=0, restarted_count=0
 full_count=0

Compilation events (20 events):
Event: 268.519 Thread 0x0000024ca0a6b500 22510       4       java.lang.ThreadLocal::set (26 bytes)
Event: 268.534 Thread 0x0000024ca0a6b500 nmethod 22510 0x0000024c94dc2a10 code [0x0000024c94dc2c00, 0x0000024c94dc3358]
Event: 268.542 Thread 0x0000024ca0a6b500 22511       4       java.io.FileCleanable::register (49 bytes)
Event: 268.564 Thread 0x0000024ca0a6b500 nmethod 22511 0x0000024c948c7e90 code [0x0000024c948c80a0, 0x0000024c948c8ec0]
Event: 268.626 Thread 0x0000024ca0a6b500 22512       4       org.objectweb.asm.tree.ClassNode::visitMethod (31 bytes)
Event: 268.694 Thread 0x0000024ca0a6b500 nmethod 22512 0x0000024c95409990 code [0x0000024c95409c20, 0x0000024c9540b730]
Event: 268.694 Thread 0x0000024ca0a6b500 22513       4       org.objectweb.asm.tree.MethodNode::<init> (31 bytes)
Event: 268.742 Thread 0x0000024ca0a6b500 nmethod 22513 0x0000024c94a8ab10 code [0x0000024c94a8ad60, 0x0000024c94a8c270]
Event: 268.742 Thread 0x0000024ca0a6b500 22514       4       com.google.common.collect.RegularImmutableAsList::get (9 bytes)
Event: 268.743 Thread 0x0000024ca0a6b500 nmethod 22514 0x0000024c947d6390 code [0x0000024c947d6520, 0x0000024c947d6630]
Event: 268.775 Thread 0x0000024ca0a6b500 22515       4       org.gradle.tooling.internal.provider.runner.TaskOriginTracker::started (62 bytes)
Event: 268.777 Thread 0x0000024ca0a6b500 nmethod 22515 0x0000024c94cbb390 code [0x0000024c94cbb540, 0x0000024c94cbb6f8]
Event: 268.777 Thread 0x0000024ca0a6b500 22516       4       org.gradle.internal.execution.DefaultWorkExecutionTracker$OperationListener::started (60 bytes)
Event: 268.779 Thread 0x0000024ca0a70760 22517       3       org.objectweb.asm.MethodWriter::visitLocalVariableAnnotation (158 bytes)
Event: 268.779 Thread 0x0000024ca0a6b500 nmethod 22516 0x0000024c94e4d810 code [0x0000024c94e4d9c0, 0x0000024c94e4db30]
Event: 268.780 Thread 0x0000024ca0a70760 nmethod 22517 0x0000024c8d069610 code [0x0000024c8d0698c0, 0x0000024c8d06a2f8]
Event: 268.786 Thread 0x0000024ca0a6b500 22518       4       java.util.Spliterators$EmptySpliterator$OfRef::forEachRemaining (6 bytes)
Event: 268.786 Thread 0x0000024ca0a6b500 nmethod 22518 0x0000024c94794110 code [0x0000024c947942a0, 0x0000024c94794340]
Event: 268.879 Thread 0x0000024ca0a6b500 22519       4       org.gradle.tooling.internal.provider.runner.PluginApplicationTracker::discardState (15 bytes)
Event: 268.881 Thread 0x0000024ca0a6b500 nmethod 22519 0x0000024c948c7790 code [0x0000024c948c7940, 0x0000024c948c7a58]

GC Heap History (20 events):
Event: 253.004 GC heap after
{Heap after GC invocations=138 (full 0):
 garbage-first heap   total 670720K, used 326734K [0x0000000080000000, 0x0000000100000000)
  region size 1024K, 9 young (9216K), 9 survivors (9216K)
 Metaspace       used 168172K, committed 170304K, reserved 1245184K
  class space    used 21484K, committed 22528K, reserved 1048576K
}
Event: 253.013 GC heap before
{Heap before GC invocations=138 (full 0):
 garbage-first heap   total 670720K, used 332878K [0x0000000080000000, 0x0000000100000000)
  region size 1024K, 16 young (16384K), 9 survivors (9216K)
 Metaspace       used 168172K, committed 170304K, reserved 1245184K
  class space    used 21484K, committed 22528K, reserved 1048576K
}
Event: 253.030 GC heap after
{Heap after GC invocations=139 (full 0):
 garbage-first heap   total 670720K, used 327346K [0x0000000080000000, 0x0000000100000000)
  region size 1024K, 9 young (9216K), 9 survivors (9216K)
 Metaspace       used 168172K, committed 170304K, reserved 1245184K
  class space    used 21484K, committed 22528K, reserved 1048576K
}
Event: 254.303 GC heap before
{Heap before GC invocations=139 (full 0):
 garbage-first heap   total 670720K, used 613042K [0x0000000080000000, 0x0000000100000000)
  region size 1024K, 287 young (293888K), 9 survivors (9216K)
 Metaspace       used 168191K, committed 170304K, reserved 1245184K
  class space    used 21484K, committed 22528K, reserved 1048576K
}
Event: 254.322 GC heap after
{Heap after GC invocations=140 (full 0):
 garbage-first heap   total 670720K, used 329569K [0x0000000080000000, 0x0000000100000000)
  region size 1024K, 11 young (11264K), 11 survivors (11264K)
 Metaspace       used 168191K, committed 170304K, reserved 1245184K
  class space    used 21484K, committed 22528K, reserved 1048576K
}
Event: 254.910 GC heap before
{Heap before GC invocations=141 (full 0):
 garbage-first heap   total 670720K, used 617313K [0x0000000080000000, 0x0000000100000000)
  region size 1024K, 293 young (300032K), 11 survivors (11264K)
 Metaspace       used 168191K, committed 170304K, reserved 1245184K
  class space    used 21484K, committed 22528K, reserved 1048576K
}
Event: 254.929 GC heap after
{Heap after GC invocations=142 (full 0):
 garbage-first heap   total 670720K, used 332129K [0x0000000080000000, 0x0000000100000000)
  region size 1024K, 14 young (14336K), 14 survivors (14336K)
 Metaspace       used 168191K, committed 170304K, reserved 1245184K
  class space    used 21484K, committed 22528K, reserved 1048576K
}
Event: 255.764 GC heap before
{Heap before GC invocations=142 (full 0):
 garbage-first heap   total 670720K, used 620897K [0x0000000080000000, 0x0000000100000000)
  region size 1024K, 296 young (303104K), 14 survivors (14336K)
 Metaspace       used 168194K, committed 170304K, reserved 1245184K
  class space    used 21484K, committed 22528K, reserved 1048576K
}
Event: 255.788 GC heap after
{Heap after GC invocations=143 (full 0):
 garbage-first heap   total 670720K, used 318603K [0x0000000080000000, 0x0000000100000000)
  region size 1024K, 12 young (12288K), 12 survivors (12288K)
 Metaspace       used 168194K, committed 170304K, reserved 1245184K
  class space    used 21484K, committed 22528K, reserved 1048576K
}
Event: 261.006 GC heap before
{Heap before GC invocations=143 (full 0):
 garbage-first heap   total 670720K, used 610443K [0x0000000080000000, 0x0000000100000000)
  region size 1024K, 298 young (305152K), 12 survivors (12288K)
 Metaspace       used 168281K, committed 170368K, reserved 1245184K
  class space    used 21486K, committed 22528K, reserved 1048576K
}
Event: 261.027 GC heap after
{Heap after GC invocations=144 (full 0):
 garbage-first heap   total 670720K, used 317067K [0x0000000080000000, 0x0000000100000000)
  region size 1024K, 12 young (12288K), 12 survivors (12288K)
 Metaspace       used 168281K, committed 170368K, reserved 1245184K
  class space    used 21486K, committed 22528K, reserved 1048576K
}
Event: 262.145 GC heap before
{Heap before GC invocations=144 (full 0):
 garbage-first heap   total 670720K, used 627339K [0x0000000080000000, 0x0000000100000000)
  region size 1024K, 310 young (317440K), 12 survivors (12288K)
 Metaspace       used 168284K, committed 170368K, reserved 1245184K
  class space    used 21486K, committed 22528K, reserved 1048576K
}
Event: 262.167 GC heap after
{Heap after GC invocations=145 (full 0):
 garbage-first heap   total 670720K, used 319115K [0x0000000080000000, 0x0000000100000000)
  region size 1024K, 13 young (13312K), 13 survivors (13312K)
 Metaspace       used 168284K, committed 170368K, reserved 1245184K
  class space    used 21486K, committed 22528K, reserved 1048576K
}
Event: 262.965 GC heap before
{Heap before GC invocations=146 (full 0):
 garbage-first heap   total 670720K, used 621195K [0x0000000080000000, 0x0000000100000000)
  region size 1024K, 308 young (315392K), 13 survivors (13312K)
 Metaspace       used 168284K, committed 170368K, reserved 1245184K
  class space    used 21486K, committed 22528K, reserved 1048576K
}
Event: 262.987 GC heap after
{Heap after GC invocations=147 (full 0):
 garbage-first heap   total 670720K, used 319115K [0x0000000080000000, 0x0000000100000000)
  region size 1024K, 13 young (13312K), 13 survivors (13312K)
 Metaspace       used 168284K, committed 170368K, reserved 1245184K
  class space    used 21486K, committed 22528K, reserved 1048576K
}
Event: 266.150 GC heap before
{Heap before GC invocations=147 (full 0):
 garbage-first heap   total 670720K, used 621195K [0x0000000080000000, 0x0000000100000000)
  region size 1024K, 308 young (315392K), 13 survivors (13312K)
 Metaspace       used 168304K, committed 170368K, reserved 1245184K
  class space    used 21486K, committed 22528K, reserved 1048576K
}
Event: 266.176 GC heap after
{Heap after GC invocations=148 (full 0):
 garbage-first heap   total 670720K, used 312801K [0x0000000080000000, 0x0000000100000000)
  region size 1024K, 13 young (13312K), 13 survivors (13312K)
 Metaspace       used 168304K, committed 170368K, reserved 1245184K
  class space    used 21486K, committed 22528K, reserved 1048576K
}
Event: 266.673 GC heap before
{Heap before GC invocations=148 (full 0):
 garbage-first heap   total 670720K, used 371169K [0x0000000080000000, 0x0000000100000000)
  region size 1024K, 71 young (72704K), 13 survivors (13312K)
 Metaspace       used 168308K, committed 170368K, reserved 1245184K
  class space    used 21486K, committed 22528K, reserved 1048576K
}
Event: 266.710 GC heap after
{Heap after GC invocations=149 (full 0):
 garbage-first heap   total 670720K, used 325089K [0x0000000080000000, 0x0000000100000000)
  region size 1024K, 25 young (25600K), 25 survivors (25600K)
 Metaspace       used 168308K, committed 170368K, reserved 1245184K
  class space    used 21486K, committed 22528K, reserved 1048576K
}
Event: 268.910 GC heap before
{Heap before GC invocations=150 (full 0):
 garbage-first heap   total 670720K, used 615905K [0x0000000080000000, 0x0000000100000000)
  region size 1024K, 303 young (310272K), 25 survivors (25600K)
 Metaspace       used 168313K, committed 170368K, reserved 1245184K
  class space    used 21486K, committed 22528K, reserved 1048576K
}

Dll operation events (3 events):
Event: 0.011 Loaded shared library F:\Новая папка\jbr\bin\java.dll
Event: 0.017 Loaded shared library F:\Новая папка\jbr\bin\zip.dll
Event: 0.999 Loaded shared library F:\Новая папка\jbr\bin\verify.dll

Deoptimization events (20 events):
Event: 264.645 Thread 0x0000024ca9d3d020 Uncommon trap: trap_request=0xffffffbe fr.pc=0x0000024c947fc530 relative=0x0000000000000310
Event: 264.645 Thread 0x0000024ca9d3d020 Uncommon trap: reason=profile_predicate action=maybe_recompile pc=0x0000024c947fc530 method=sun.security.provider.HashDrbg.addBytes([BI[[B)V @ 36 c2
Event: 264.646 Thread 0x0000024ca9d3d020 DEOPT PACKING pc=0x0000024c947fc530 sp=0x000000cfee3f50c0
Event: 264.646 Thread 0x0000024ca9d3d020 DEOPT UNPACKING pc=0x0000024c942146a2 sp=0x000000cfee3f5010 mode 2
Event: 264.667 Thread 0x0000024cacb52d80 Uncommon trap: trap_request=0xffffffbe fr.pc=0x0000024c947fc530 relative=0x0000000000000310
Event: 264.667 Thread 0x0000024cacb52d80 Uncommon trap: reason=profile_predicate action=maybe_recompile pc=0x0000024c947fc530 method=sun.security.provider.HashDrbg.addBytes([BI[[B)V @ 36 c2
Event: 264.667 Thread 0x0000024cacb52d80 DEOPT PACKING pc=0x0000024c947fc530 sp=0x000000cff04fccc0
Event: 264.667 Thread 0x0000024cacb52d80 DEOPT UNPACKING pc=0x0000024c942146a2 sp=0x000000cff04fcc10 mode 2
Event: 264.685 Thread 0x0000024ca9d3d020 Uncommon trap: trap_request=0xffffffbe fr.pc=0x0000024c947fc530 relative=0x0000000000000310
Event: 264.685 Thread 0x0000024ca9d3d020 Uncommon trap: reason=profile_predicate action=maybe_recompile pc=0x0000024c947fc530 method=sun.security.provider.HashDrbg.addBytes([BI[[B)V @ 36 c2
Event: 264.685 Thread 0x0000024ca9d3d020 DEOPT PACKING pc=0x0000024c947fc530 sp=0x000000cfee3f50c0
Event: 264.685 Thread 0x0000024ca9d3d020 DEOPT UNPACKING pc=0x0000024c942146a2 sp=0x000000cfee3f5010 mode 2
Event: 264.700 Thread 0x0000024cacb53410 Uncommon trap: trap_request=0xffffffbe fr.pc=0x0000024c947fc530 relative=0x0000000000000310
Event: 264.700 Thread 0x0000024cacb53410 Uncommon trap: reason=profile_predicate action=maybe_recompile pc=0x0000024c947fc530 method=sun.security.provider.HashDrbg.addBytes([BI[[B)V @ 36 c2
Event: 264.700 Thread 0x0000024cacb53410 DEOPT PACKING pc=0x0000024c947fc530 sp=0x000000cff08fcc60
Event: 264.700 Thread 0x0000024cacb53410 DEOPT UNPACKING pc=0x0000024c942146a2 sp=0x000000cff08fcbb0 mode 2
Event: 266.528 Thread 0x0000024ca9d3d020 Uncommon trap: trap_request=0xffffff45 fr.pc=0x0000024c94c45868 relative=0x0000000000005c68
Event: 266.528 Thread 0x0000024ca9d3d020 Uncommon trap: reason=unstable_if action=reinterpret pc=0x0000024c94c45868 method=com.esotericsoftware.kryo.io.Input.readUtf8(I)V @ 48 c2
Event: 266.528 Thread 0x0000024ca9d3d020 DEOPT PACKING pc=0x0000024c94c45868 sp=0x000000cfee3f2b60
Event: 266.528 Thread 0x0000024ca9d3d020 DEOPT UNPACKING pc=0x0000024c942146a2 sp=0x000000cfee3f28a8 mode 2

Classes loaded (20 events):
Event: 226.793 Loading class java/util/Collections$ReverseComparator2
Event: 226.793 Loading class java/util/Collections$ReverseComparator2 done
Event: 227.629 Loading class sun/security/ssl/PreSharedKeyExtension$PskIdentity
Event: 227.629 Loading class sun/security/ssl/PreSharedKeyExtension$PskIdentity done
Event: 227.630 Loading class sun/security/ssl/PreSharedKeyExtension$CHPreSharedKeySpec
Event: 227.630 Loading class sun/security/ssl/PreSharedKeyExtension$CHPreSharedKeySpec done
Event: 227.631 Loading class sun/security/ssl/PreSharedKeyExtension$PartialClientHelloMessage
Event: 227.632 Loading class sun/security/ssl/PreSharedKeyExtension$PartialClientHelloMessage done
Event: 227.632 Loading class sun/security/ssl/SSLEngineOutputRecord
Event: 227.633 Loading class sun/security/ssl/SSLEngineOutputRecord done
Event: 227.634 Loading class sun/security/ssl/SSLEngineOutputRecord$HandshakeFragment
Event: 227.634 Loading class sun/security/ssl/SSLEngineOutputRecord$HandshakeFragment done
Event: 227.635 Loading class sun/security/ssl/SSLEngineOutputRecord$HandshakeMemo
Event: 227.635 Loading class sun/security/ssl/SSLEngineOutputRecord$RecordMemo
Event: 227.635 Loading class sun/security/ssl/SSLEngineOutputRecord$RecordMemo done
Event: 227.635 Loading class sun/security/ssl/SSLEngineOutputRecord$HandshakeMemo done
Event: 227.695 Loading class sun/security/ssl/PreSharedKeyExtension$SHPreSharedKeySpec
Event: 227.698 Loading class sun/security/ssl/PreSharedKeyExtension$SHPreSharedKeySpec done
Event: 236.832 Loading class java/util/concurrent/atomic/Striped64$Cell
Event: 236.832 Loading class java/util/concurrent/atomic/Striped64$Cell done

Classes unloaded (20 events):
Event: 107.270 Thread 0x0000024ca08ae500 Unloading class 0x0000000100830518 '_BuildScript_$_run_closure1'
Event: 107.270 Thread 0x0000024ca08ae500 Unloading class 0x0000000100830000 '_BuildScript_'
Event: 109.022 Thread 0x0000024ca08ae500 Unloading class 0x00000001008a4410 '_BuildScript_$_run_closure1$_closure2'
Event: 109.022 Thread 0x0000024ca08ae500 Unloading class 0x00000001008a4000 '_BuildScript_$_run_closure1'
Event: 109.022 Thread 0x0000024ca08ae500 Unloading class 0x000000010089d800 '_BuildScript_'
Event: 131.772 Thread 0x0000024ca08ae500 Unloading class 0x00000001009b2410 '_BuildScript_$_run_closure1$_closure2'
Event: 131.772 Thread 0x0000024ca08ae500 Unloading class 0x00000001009b2000 '_BuildScript_$_run_closure1'
Event: 131.772 Thread 0x0000024ca08ae500 Unloading class 0x00000001009b1800 '_BuildScript_'
Event: 131.772 Thread 0x0000024ca08ae500 Unloading class 0x00000001009ac928 '_BuildScript_$_run_closure2'
Event: 131.772 Thread 0x0000024ca08ae500 Unloading class 0x00000001009ac518 '_BuildScript_$_run_closure1'
Event: 131.772 Thread 0x0000024ca08ae500 Unloading class 0x00000001009ac000 '_BuildScript_'
Event: 179.484 Thread 0x0000024ca08ae500 Unloading class 0x00000001009be000 '_BuildScript_$_run_closure1$_closure3'
Event: 179.484 Thread 0x0000024ca08ae500 Unloading class 0x00000001009bd818 '_BuildScript_$_run_closure1$_closure2'
Event: 179.484 Thread 0x0000024ca08ae500 Unloading class 0x00000001009bd408 '_BuildScript_$_run_closure1'
Event: 179.484 Thread 0x0000024ca08ae500 Unloading class 0x00000001009bcef0 '_BuildScript_'
Event: 179.484 Thread 0x0000024ca08ae500 Unloading class 0x00000001009bcae0 'JetGradlePlugin$_apply_closure1$_closure2$_closure3'
Event: 179.484 Thread 0x0000024ca08ae500 Unloading class 0x00000001009bc6d0 'JetGradlePlugin$_apply_closure1$_closure2'
Event: 179.484 Thread 0x0000024ca08ae500 Unloading class 0x00000001009bc2c0 'JetGradlePlugin$_apply_closure1'
Event: 179.484 Thread 0x0000024ca08ae500 Unloading class 0x00000001009bc000 'JetGradlePlugin'
Event: 179.484 Thread 0x0000024ca08ae500 Unloading class 0x00000001009b1c00 'RegistryProcessor'

Classes redefined (0 events):
No events

Internal exceptions (20 events):
Event: 265.087 Thread 0x0000024cacb52d80 Exception <a 'sun/nio/fs/WindowsException'{0x00000000a04cbd00}> (0x00000000a04cbd00) 
thrown [s\src\hotspot\share\prims\jni.cpp, line 537]
Event: 265.131 Thread 0x0000024ca9d3d020 Exception <a 'sun/nio/fs/WindowsException'{0x00000000a0096148}> (0x00000000a0096148) 
thrown [s\src\hotspot\share\prims\jni.cpp, line 537]
Event: 265.202 Thread 0x0000024cacb59680 Exception <a 'sun/nio/fs/WindowsException'{0x00000000a02c9808}> (0x00000000a02c9808) 
thrown [s\src\hotspot\share\prims\jni.cpp, line 537]
Event: 265.583 Thread 0x0000024ca9d3d020 Exception <a 'sun/nio/fs/WindowsException'{0x000000009c32eea8}> (0x000000009c32eea8) 
thrown [s\src\hotspot\share\prims\jni.cpp, line 537]
Event: 265.604 Thread 0x0000024cacb52d80 Exception <a 'sun/nio/fs/WindowsException'{0x000000009c4db4d0}> (0x000000009c4db4d0) 
thrown [s\src\hotspot\share\prims\jni.cpp, line 537]
Event: 265.628 Thread 0x0000024cacb53410 Exception <a 'sun/nio/fs/WindowsException'{0x000000009caf3938}> (0x000000009caf3938) 
thrown [s\src\hotspot\share\prims\jni.cpp, line 537]
Event: 266.003 Thread 0x0000024cacb52d80 Exception <a 'sun/nio/fs/WindowsException'{0x0000000098c2e6e8}> (0x0000000098c2e6e8) 
thrown [s\src\hotspot\share\prims\jni.cpp, line 537]
Event: 266.101 Thread 0x0000024ca9d3d020 Exception <a 'sun/nio/fs/WindowsException'{0x0000000097299210}> (0x0000000097299210) 
thrown [s\src\hotspot\share\prims\jni.cpp, line 537]
Event: 266.403 Thread 0x0000024cacb53410 Exception <a 'sun/nio/fs/WindowsException'{0x00000000ff8709e8}> (0x00000000ff8709e8) 
thrown [s\src\hotspot\share\prims\jni.cpp, line 537]
Event: 266.571 Thread 0x0000024cacb52d80 Exception <a 'sun/nio/fs/WindowsException'{0x00000000ff3d79e0}> (0x00000000ff3d79e0) 
thrown [s\src\hotspot\share\prims\jni.cpp, line 537]
Event: 267.645 Thread 0x0000024cacb59680 Exception <a 'sun/nio/fs/WindowsException'{0x00000000ff928c50}> (0x00000000ff928c50) 
thrown [s\src\hotspot\share\prims\jni.cpp, line 537]
Event: 267.775 Thread 0x0000024ca9d3d020 Exception <a 'sun/nio/fs/WindowsException'{0x00000000a80ff628}> (0x00000000a80ff628) 
thrown [s\src\hotspot\share\prims\jni.cpp, line 537]
Event: 267.791 Thread 0x0000024cacb53410 Exception <a 'sun/nio/fs/WindowsException'{0x00000000ff9ed2f8}> (0x00000000ff9ed2f8) 
thrown [s\src\hotspot\share\prims\jni.cpp, line 537]
Event: 267.911 Thread 0x0000024cacb52d80 Exception <a 'sun/nio/fs/WindowsException'{0x00000000a238d2e8}> (0x00000000a238d2e8) 
thrown [s\src\hotspot\share\prims\jni.cpp, line 537]
Event: 268.209 Thread 0x0000024cacb59680 Exception <a 'sun/nio/fs/WindowsException'{0x00000000a00deec8}> (0x00000000a00deec8) 
thrown [s\src\hotspot\share\prims\jni.cpp, line 537]
Event: 268.394 Thread 0x0000024cacb53410 Exception <a 'sun/nio/fs/WindowsException'{0x000000009e9c4de0}> (0x000000009e9c4de0) 
thrown [s\src\hotspot\share\prims\jni.cpp, line 537]
Event: 268.433 Thread 0x0000024cacb52d80 Exception <a 'sun/nio/fs/WindowsException'{0x000000009dc0a788}> (0x000000009dc0a788) 
thrown [s\src\hotspot\share\prims\jni.cpp, line 537]
Event: 268.514 Thread 0x0000024cacb59680 Exception <a 'sun/nio/fs/WindowsException'{0x000000009d158a18}> (0x000000009d158a18) 
thrown [s\src\hotspot\share\prims\jni.cpp, line 537]
Event: 268.752 Thread 0x0000024cacb53410 Exception <a 'sun/nio/fs/WindowsException'{0x0000000099ff3240}> (0x0000000099ff3240) 
thrown [s\src\hotspot\share\prims\jni.cpp, line 537]
Event: 268.782 Thread 0x0000024cacb52d80 Exception <a 'sun/nio/fs/WindowsException'{0x0000000098d59058}> (0x0000000098d59058) 
thrown [s\src\hotspot\share\prims\jni.cpp, line 537]

ZGC Phase Switch (0 events):
No events

VM Operations (20 events):
Event: 262.380 Executing VM operation: G1PauseCleanup done
Event: 262.965 Executing VM operation: G1CollectForAllocation (G1 Evacuation Pause)
Event: 262.987 Executing VM operation: G1CollectForAllocation (G1 Evacuation Pause) done
Event: 263.995 Executing VM operation: Cleanup
Event: 263.996 Executing VM operation: Cleanup done
Event: 265.000 Executing VM operation: Cleanup
Event: 265.000 Executing VM operation: Cleanup done
Event: 266.150 Executing VM operation: G1CollectForAllocation (G1 Evacuation Pause)
Event: 266.176 Executing VM operation: G1CollectForAllocation (G1 Evacuation Pause) done
Event: 266.673 Executing VM operation: G1TryInitiateConcMark (G1 Humongous Allocation)
Event: 266.710 Executing VM operation: G1TryInitiateConcMark (G1 Humongous Allocation) done
Event: 267.336 Executing VM operation: G1PauseRemark
Event: 267.349 Executing VM operation: G1PauseRemark done
Event: 267.783 Executing VM operation: G1PauseCleanup
Event: 267.783 Executing VM operation: G1PauseCleanup done
Event: 268.797 Executing VM operation: Cleanup
Event: 268.797 Executing VM operation: Cleanup done
Event: 268.910 Executing VM operation: G1CollectForAllocation (G1 Evacuation Pause)
Event: 268.910 Executing VM operation: G1CollectForAllocation (G1 Evacuation Pause) done
Event: 268.910 Executing VM operation: G1CollectForAllocation (GCLocker Initiated GC)

Memory protections (0 events):
No events

Nmethod flushes (20 events):
Event: 267.347 Thread 0x0000024ca08ae500 flushing  nmethod 0x0000024c8d784490
Event: 267.347 Thread 0x0000024ca08ae500 flushing  nmethod 0x0000024c8d7c1a90
Event: 267.347 Thread 0x0000024ca08ae500 flushing  nmethod 0x0000024c8d84fe10
Event: 267.347 Thread 0x0000024ca08ae500 flushing  nmethod 0x0000024c8d852a90
Event: 267.347 Thread 0x0000024ca08ae500 flushing  nmethod 0x0000024c8d875710
Event: 267.347 Thread 0x0000024ca08ae500 flushing  nmethod 0x0000024c8d876290
Event: 267.347 Thread 0x0000024ca08ae500 flushing  nmethod 0x0000024c8d876790
Event: 267.347 Thread 0x0000024ca08ae500 flushing  nmethod 0x0000024c8d876b10
Event: 267.347 Thread 0x0000024ca08ae500 flushing  nmethod 0x0000024c8d89c090
Event: 267.347 Thread 0x0000024ca08ae500 flushing  nmethod 0x0000024c8d8a6490
Event: 267.347 Thread 0x0000024ca08ae500 flushing  nmethod 0x0000024c8d8ae590
Event: 267.347 Thread 0x0000024ca08ae500 flushing  nmethod 0x0000024c8d909610
Event: 267.347 Thread 0x0000024ca08ae500 flushing  nmethod 0x0000024c8d90a390
Event: 267.347 Thread 0x0000024ca08ae500 flushing  nmethod 0x0000024c8d90e110
Event: 267.347 Thread 0x0000024ca08ae500 flushing  nmethod 0x0000024c8d9d1f90
Event: 267.347 Thread 0x0000024ca08ae500 flushing  nmethod 0x0000024c8d9fbb90
Event: 267.347 Thread 0x0000024ca08ae500 flushing  nmethod 0x0000024c8e245710
Event: 267.347 Thread 0x0000024ca08ae500 flushing  nmethod 0x0000024c8e3e9490
Event: 267.347 Thread 0x0000024ca08ae500 flushing  nmethod 0x0000024c8e3f4390
Event: 267.347 Thread 0x0000024ca08ae500 flushing  nmethod 0x0000024c8e61a790

Events (20 events):
Event: 230.232 Thread 0x0000024ca9d3d020 Thread added: 0x0000024cab5f5600
Event: 230.338 Thread 0x0000024ca9d3d020 Thread added: 0x0000024cab5f5c90
Event: 230.417 Thread 0x0000024cb0647430 Thread exited: 0x0000024cb0647430
Event: 238.900 Thread 0x0000024ca0a6b500 Thread added: 0x0000024cb0643db0
Event: 239.062 Thread 0x0000024cb0643db0 Thread exited: 0x0000024cb0643db0
Event: 239.786 Thread 0x0000024ca0a70760 Thread added: 0x0000024cb06436e0
Event: 240.095 Thread 0x0000024cb06436e0 Thread exited: 0x0000024cb06436e0
Event: 242.935 Thread 0x0000024ca9d3d020 Thread added: 0x0000024cacb52d80
Event: 242.936 Thread 0x0000024ca9d3d020 Thread added: 0x0000024cacb59680
Event: 242.937 Thread 0x0000024ca9d3d020 Thread added: 0x0000024cacb53410
Event: 242.944 Thread 0x0000024ca0a70760 Thread added: 0x0000024cb06458f0
Event: 243.245 Thread 0x0000024cb06458f0 Thread exited: 0x0000024cb06458f0
Event: 243.850 Thread 0x0000024ca0a70760 Thread added: 0x0000024cb0640730
Event: 244.040 Thread 0x0000024cb0640730 Thread exited: 0x0000024cb0640730
Event: 244.100 Thread 0x0000024ca0a70760 Thread added: 0x0000024cb0641ba0
Event: 246.416 Thread 0x0000024cb0641ba0 Thread exited: 0x0000024cb0641ba0
Event: 247.854 Thread 0x0000024ca0a70760 Thread added: 0x0000024cb0642940
Event: 248.862 Thread 0x0000024cb0642940 Thread exited: 0x0000024cb0642940
Event: 252.355 Thread 0x0000024ca0a6b500 Thread added: 0x0000024cb0644480
Event: 252.779 Thread 0x0000024cb0644480 Thread exited: 0x0000024cb0644480


Dynamic libraries:
0x00007ff73cc90000 - 0x00007ff73cc9a000 	F:\Новая папка\jbr\bin\java.exe
0x00007ffd23b50000 - 0x00007ffd23d48000 	C:\WINDOWS\SYSTEM32\ntdll.dll
0x00007ffd21f40000 - 0x00007ffd22002000 	C:\WINDOWS\System32\KERNEL32.DLL
0x00007ffd216c0000 - 0x00007ffd219b6000 	C:\WINDOWS\System32\KERNELBASE.dll
0x00007ffd21410000 - 0x00007ffd21510000 	C:\WINDOWS\System32\ucrtbase.dll
0x00007ffd10bd0000 - 0x00007ffd10beb000 	F:\Новая папка\jbr\bin\VCRUNTIME140.dll
0x00007ffd0b130000 - 0x00007ffd0b148000 	F:\Новая папка\jbr\bin\jli.dll
0x00007ffd22e90000 - 0x00007ffd23031000 	C:\WINDOWS\System32\USER32.dll
0x00007ffd21210000 - 0x00007ffd21232000 	C:\WINDOWS\System32\win32u.dll
0x00007ffd141c0000 - 0x00007ffd1445b000 	C:\WINDOWS\WinSxS\amd64_microsoft.windows.common-controls_6595b64144ccf1df_6.0.19041.6456_none_60b8a6cb71f64256\COMCTL32.dll
0x00007ffd220f0000 - 0x00007ffd2211b000 	C:\WINDOWS\System32\GDI32.dll
0x00007ffd215a0000 - 0x00007ffd216b9000 	C:\WINDOWS\System32\gdi32full.dll
0x00007ffd21370000 - 0x00007ffd2140d000 	C:\WINDOWS\System32\msvcp_win.dll
0x00007ffd23950000 - 0x00007ffd239ee000 	C:\WINDOWS\System32\msvcrt.dll
0x00007ffd23240000 - 0x00007ffd2326f000 	C:\WINDOWS\System32\IMM32.DLL
0x00007ffd10bf0000 - 0x00007ffd10bfc000 	F:\Новая папка\jbr\bin\vcruntime140_1.dll
0x00007ffcf0960000 - 0x00007ffcf09ed000 	F:\Новая папка\jbr\bin\msvcp140.dll
0x00007ffcea7f0000 - 0x00007ffceb47e000 	F:\Новая папка\jbr\bin\server\jvm.dll
0x00007ffd23890000 - 0x00007ffd23941000 	C:\WINDOWS\System32\ADVAPI32.dll
0x00007ffd23040000 - 0x00007ffd230df000 	C:\WINDOWS\System32\sechost.dll
0x00007ffd23770000 - 0x00007ffd23890000 	C:\WINDOWS\System32\RPCRT4.dll
0x00007ffd211e0000 - 0x00007ffd21207000 	C:\WINDOWS\System32\bcrypt.dll
0x00007ffd22580000 - 0x00007ffd225eb000 	C:\WINDOWS\System32\WS2_32.dll
0x00007ffd16560000 - 0x00007ffd1656a000 	C:\WINDOWS\SYSTEM32\VERSION.dll
0x00007ffd162f0000 - 0x00007ffd16317000 	C:\WINDOWS\SYSTEM32\WINMM.dll
0x00007ffd20730000 - 0x00007ffd2077b000 	C:\WINDOWS\SYSTEM32\POWRPROF.dll
0x00007ffd205a0000 - 0x00007ffd205b2000 	C:\WINDOWS\SYSTEM32\UMPDC.dll
0x00007ffd1f010000 - 0x00007ffd1f022000 	C:\WINDOWS\SYSTEM32\kernel.appcore.dll
0x00007ffd0b080000 - 0x00007ffd0b08a000 	F:\Новая папка\jbr\bin\jimage.dll
0x00007ffd0b5a0000 - 0x00007ffd0b7a1000 	C:\WINDOWS\SYSTEM32\DBGHELP.DLL
0x00007ffd0b9d0000 - 0x00007ffd0ba04000 	C:\WINDOWS\SYSTEM32\dbgcore.DLL
0x00007ffd21510000 - 0x00007ffd21592000 	C:\WINDOWS\System32\bcryptPrimitives.dll
0x00007ffd1c1e0000 - 0x00007ffd1c1ee000 	F:\Новая папка\jbr\bin\instrument.dll
0x00007ffd0ab90000 - 0x00007ffd0abb0000 	F:\Новая папка\jbr\bin\java.dll
0x00007ffd0ab70000 - 0x00007ffd0ab88000 	F:\Новая папка\jbr\bin\zip.dll
0x00007ffd22720000 - 0x00007ffd22e90000 	C:\WINDOWS\System32\SHELL32.dll
0x00007ffd1f210000 - 0x00007ffd1f9b5000 	C:\WINDOWS\SYSTEM32\windows.storage.dll
0x00007ffd221a0000 - 0x00007ffd224f4000 	C:\WINDOWS\System32\combase.dll
0x00007ffd20b30000 - 0x00007ffd20b5b000 	C:\WINDOWS\SYSTEM32\Wldp.dll
0x00007ffd22020000 - 0x00007ffd220ed000 	C:\WINDOWS\System32\OLEAUT32.dll
0x00007ffd23190000 - 0x00007ffd2323d000 	C:\WINDOWS\System32\SHCORE.dll
0x00007ffd21c60000 - 0x00007ffd21cbb000 	C:\WINDOWS\System32\shlwapi.dll
0x00007ffd21110000 - 0x00007ffd21134000 	C:\WINDOWS\SYSTEM32\profapi.dll
0x00007ffd0a7d0000 - 0x00007ffd0a7e0000 	F:\Новая папка\jbr\bin\net.dll
0x00007ffd15ce0000 - 0x00007ffd15dea000 	C:\WINDOWS\SYSTEM32\WINHTTP.dll
0x00007ffd20910000 - 0x00007ffd2097a000 	C:\WINDOWS\system32\mswsock.dll
0x00007ffcf33f0000 - 0x00007ffcf3406000 	F:\Новая папка\jbr\bin\nio.dll
0x00007ffd07050000 - 0x00007ffd07060000 	F:\Новая папка\jbr\bin\verify.dll
0x00007ffd11c00000 - 0x00007ffd11c27000 	F:\AndroidStidioProjects\gradle\native\1def1411415f61bf3af743bc5b6707747c0891f09f0c88961ee8f79bc544acac\windows-amd64\native-platform.dll
0x00007ffd06250000 - 0x00007ffd062c7000 	F:\AndroidStidioProjects\gradle\native\0.2.8\x86_64-windows-gnu\gradle-fileevents.dll
0x00007ffd13200000 - 0x00007ffd13209000 	F:\Новая папка\jbr\bin\management.dll
0x00007ffd0ad10000 - 0x00007ffd0ad1b000 	F:\Новая папка\jbr\bin\management_ext.dll
0x00007ffd22010000 - 0x00007ffd22018000 	C:\WINDOWS\System32\PSAPI.DLL
0x00007ffd205c0000 - 0x00007ffd205fb000 	C:\WINDOWS\SYSTEM32\IPHLPAPI.DLL
0x00007ffd21c50000 - 0x00007ffd21c58000 	C:\WINDOWS\System32\NSI.dll
0x00007ffd0ad50000 - 0x00007ffd0ad59000 	F:\Новая папка\jbr\bin\extnet.dll
0x00007ffd20b70000 - 0x00007ffd20b88000 	C:\WINDOWS\SYSTEM32\CRYPTSP.dll
0x00007ffd201e0000 - 0x00007ffd20218000 	C:\WINDOWS\system32\rsaenh.dll
0x00007ffd210d0000 - 0x00007ffd210fe000 	C:\WINDOWS\SYSTEM32\USERENV.dll
0x00007ffd20aa0000 - 0x00007ffd20aac000 	C:\WINDOWS\SYSTEM32\CRYPTBASE.dll
0x00007ffd0ad60000 - 0x00007ffd0ad67000 	C:\WINDOWS\system32\wshunix.dll
0x00007ffd20430000 - 0x00007ffd20463000 	C:\WINDOWS\SYSTEM32\ntmarta.dll
0x00007ffd20610000 - 0x00007ffd206da000 	C:\WINDOWS\SYSTEM32\DNSAPI.dll
0x00007ffd11cb0000 - 0x00007ffd11cba000 	C:\Windows\System32\rasadhlp.dll
0x00007ffd13c30000 - 0x00007ffd13cb0000 	C:\WINDOWS\System32\fwpuclnt.dll

dbghelp: loaded successfully - version: 4.0.5 - missing functions: none
symbol engine: initialized successfully - sym options: 0x614 - pdb path: .;F:\Новая папка\jbr\bin;C:\WINDOWS\SYSTEM32;C:\WINDOWS\WinSxS\amd64_microsoft.windows.common-controls_6595b64144ccf1df_6.0.19041.6456_none_60b8a6cb71f64256;F:\Новая папка\jbr\bin\server;F:\AndroidStidioProjects\gradle\native\1def1411415f61bf3af743bc5b6707747c0891f09f0c88961ee8f79bc544acac\windows-amd64;F:\AndroidStidioProjects\gradle\native\0.2.8\x86_64-windows-gnu

VM Arguments:
jvm_args: --add-opens=java.base/java.lang=ALL-UNNAMED --add-opens=java.base/java.lang.invoke=ALL-UNNAMED --add-opens=java.base/java.util=ALL-UNNAMED --add-opens=java.prefs/java.util.prefs=ALL-UNNAMED --add-exports=jdk.compiler/com.sun.tools.javac.api=ALL-UNNAMED --add-exports=jdk.compiler/com.sun.tools.javac.util=ALL-UNNAMED --add-opens=java.base/java.util=ALL-UNNAMED --add-opens=java.prefs/java.util.prefs=ALL-UNNAMED --add-opens=java.base/java.nio.charset=ALL-UNNAMED --add-opens=java.base/java.net=ALL-UNNAMED --add-opens=java.base/java.util.concurrent=ALL-UNNAMED --add-opens=java.base/java.util.concurrent.atomic=ALL-UNNAMED --add-opens=java.xml/javax.xml.namespace=ALL-UNNAMED -Xmx2048m -Dfile.encoding=UTF-8 -Duser.country=RU -Duser.language=ru -Duser.variant -javaagent:F:\AndroidStidioProjects\gradle\wrapper\dists\gradle-9.0-bin\3czi7dcr1pf879blyy9qczdy7\gradle-9.0.0\lib\agents\gradle-instrumentation-agent-9.0.0.jar 
java_command: org.gradle.launcher.daemon.bootstrap.GradleDaemon 9.0.0
java_class_path (initial): F:\AndroidStidioProjects\gradle\wrapper\dists\gradle-9.0-bin\3czi7dcr1pf879blyy9qczdy7\gradle-9.0.0\lib\gradle-daemon-main-9.0.0.jar
Launcher Type: SUN_STANDARD

[Global flags]
     intx CICompilerCount                          = 3                                         {product} {ergonomic}
     uint ConcGCThreads                            = 1                                         {product} {ergonomic}
     uint G1ConcRefinementThreads                  = 4                                         {product} {ergonomic}
   size_t G1HeapRegionSize                         = 1048576                                   {product} {ergonomic}
    uintx GCDrainStackTargetSize                   = 64                                        {product} {ergonomic}
   size_t InitialHeapSize                          = 201326592                                 {product} {ergonomic}
   size_t MarkStackSize                            = 4194304                                   {product} {ergonomic}
   size_t MaxHeapSize                              = 2147483648                                {product} {command line}
   size_t MaxNewSize                               = 1287651328                                {product} {ergonomic}
   size_t MinHeapDeltaBytes                        = 1048576                                   {product} {ergonomic}
   size_t MinHeapSize                              = 8388608                                   {product} {ergonomic}
    uintx NonNMethodCodeHeapSize                   = 5832780                                {pd product} {ergonomic}
    uintx NonProfiledCodeHeapSize                  = 122912730                              {pd product} {ergonomic}
    uintx ProfiledCodeHeapSize                     = 122912730                              {pd product} {ergonomic}
    uintx ReservedCodeCacheSize                    = 251658240                              {pd product} {ergonomic}
     bool SegmentedCodeCache                       = true                                      {product} {ergonomic}
   size_t SoftMaxHeapSize                          = 2147483648                             {manageable} {ergonomic}
     bool UseCompressedOops                        = true                           {product lp64_product} {ergonomic}
     bool UseG1GC                                  = true                                      {product} {ergonomic}
     bool UseLargePagesIndividualAllocation        = false                                  {pd product} {ergonomic}

Logging:
Log output configuration:
 #0: stdout all=warning uptime,level,tags foldmultilines=false
 #1: stderr all=off uptime,level,tags foldmultilines=false

Environment Variables:
PATH=C:\Program Files\Python311\Scripts\;C:\Program Files\Python311\;C:\Program Files\Python314\Scripts\;C:\Program Files\Python314\;C:\Program Files (x86)\Common Files\Oracle\Java\java8path;C:\Program Files (x86)\Common Files\Oracle\Java\javapath;C:\Program Files\Python313\Scripts\;C:\Program Files\Python313\;C:\WINDOWS\system32;C:\WINDOWS;C:\WINDOWS\System32\Wbem;C:\WINDOWS\System32\WindowsPowerShell\v1.0\;C:\WINDOWS\System32\OpenSSH\;C:\Users\Vlad1k\AppData\Local\Microsoft\WindowsApps;C:\Users\Vlad1k\AppData\Local\Programs\Microsoft VS Code\bin;C:\Users\Vlad1k\AppData\Roaming\Python\Python311\Scripts;C:\Users\Vlad1k\AppData\Local\UtxcWYKxLnFBoNby\
USERNAME=Vlad1k
OS=Windows_NT
PROCESSOR_IDENTIFIER=Intel64 Family 6 Model 60 Stepping 3, GenuineIntel
TMP=C:\Users\Vlad1k\AppData\Local\Temp
TEMP=C:\Users\Vlad1k\AppData\Local\Temp




Periodic native trim disabled

JNI global refs:
JNI global refs: 29, weak refs: 0

JNI global refs memory usage: 835, weak refs: 833

Process memory usage:
Resident Set Size: 1100408K (8% of 12467436K total physical memory with 688020K free physical memory)

OOME stack traces (most recent first):
Classloader memory used:
Loader org.gradle.internal.classloader.VisitableURLClassLoader                         : 112M
Loader bootstrap                                                                       : 30675K
Loader org.gradle.initialization.MixInLegacyTypesClassLoader                           : 11497K
Loader jdk.internal.loader.ClassLoaders$AppClassLoader                                 : 7661K
Loader org.gradle.internal.classloader.VisitableURLClassLoader                         : 939K
Loader jdk.internal.loader.ClassLoaders$PlatformClassLoader                            : 924K
Loader org.gradle.internal.classloader.VisitableURLClassLoader$InstrumentingVisitableURLClassLoader: 728K
Loader jdk.internal.jrtfs.JrtFileSystemProvider$JrtFsLoader                            : 340K
Loader jdk.internal.reflect.DelegatingClassLoader                                      : 283K
Loader org.gradle.groovy.scripts.internal.DefaultScriptCompilationHandler$ScriptClassLoader: 89128B

Classes loaded by more than one classloader:
Class org.gradle.api.GradleException                                                  : loaded 3 times (x 80B)
Class Program                                                                         : loaded 3 times (x 70B)
Class jdk.internal.jimage.BasicImageReader                                            : loaded 2 times (x 93B)
Class org.gradle.internal.classloader.ClassLoaderHierarchy                            : loaded 2 times (x 68B)
Class org.gradle.api.internal.classpath.ManifestUtil                                  : loaded 2 times (x 69B)
Class org.jetbrains.plugins.gradle.model.GradleExtensions                             : loaded 2 times (x 68B)
Class org.jetbrains.plugins.gradle.model.AnnotationProcessingModel                    : loaded 2 times (x 68B)
Class jdk.internal.jimage.decompressor.StringSharingDecompressorFactory               : loaded 2 times (x 72B)
Class org.gradle.internal.operations.MultipleBuildOperationFailures                   : loaded 2 times (x 93B)
Class org.gradle.internal.classloader.DefaultClassLoaderFactory                       : loaded 2 times (x 80B)
Class kotlin.collections.AbstractList$Companion                                       : loaded 2 times (x 69B)
Class org.gradle.internal.classloader.ClassLoaderVisitor                              : loaded 2 times (x 74B)
Class org.gradle.api.internal.classpath.EffectiveClassPath                            : loaded 2 times (x 88B)
Class org.gradle.tooling.internal.gradle.DefaultProjectIdentifier                     : loaded 2 times (x 84B)
Class org.gradle.api.internal.DefaultClassPathProvider                                : loaded 2 times (x 74B)
Class [Lorg.gradle.api.internal.ClassPathProvider;                                    : loaded 2 times (x 67B)
Class org.gradle.api.internal.ClassPathProvider                                       : loaded 2 times (x 68B)
Class jdk.internal.jrtfs.SystemImage                                                  : loaded 2 times (x 72B)
Class ijInit1_3ed6pz1ht6j7z15o870cu3myg                                               : loaded 2 times (x 169B)
Class org.gradle.internal.service.UnknownServiceException                             : loaded 2 times (x 81B)
Class org.jetbrains.kotlin.idea.gradleTooling.KotlinDslScriptAdditionalTask           : loaded 2 times (x 68B)
Class jdk.internal.jimage.ImageReader$LinkNode                                        : loaded 2 times (x 82B)
Class org.gradle.internal.classpath.TransformedClassPath                              : loaded 2 times (x 94B)
Class org.gradle.internal.classloader.InstrumentingClassLoader                        : loaded 2 times (x 68B)
Class jdk.internal.jrtfs.SystemImage$1                                                : loaded 2 times (x 76B)
Class kotlin.enums.EnumEntriesList                                                    : loaded 2 times (x 221B)
Class jdk.internal.jrtfs.SystemImage$2                                                : loaded 2 times (x 74B)
Class org.jetbrains.kotlin.idea.gradleTooling.KotlinSourceSetContainer                : loaded 2 times (x 68B)
Class org.gradle.internal.classloader.FilteringClassLoader                            : loaded 2 times (x 103B)
Class org.gradle.internal.service.ServiceLocator                                      : loaded 2 times (x 68B)
Class jdk.internal.jrtfs.JrtFileSystemProvider                                        : loaded 2 times (x 99B)
Class org.gradle.tooling.model.UnsupportedMethodException                             : loaded 2 times (x 80B)
Class com.intellij.compose.ide.plugin.gradleTooling.rt.ComposeResourcesModel          : loaded 2 times (x 68B)
Class jdk.internal.jimage.ImageLocation                                               : loaded 2 times (x 88B)
Class jdk.internal.jrtfs.JrtDirectoryStream$1                                         : loaded 2 times (x 81B)
Class sync_studio_tooling11_6immbe7mnm4wjp8fzww6q80l3                                 : loaded 2 times (x 169B)
Class org.gradle.internal.InternalTransformer                                         : loaded 2 times (x 68B)
Class jdk.internal.jimage.ImageBufferCache$1                                          : loaded 2 times (x 81B)
Class sync_studio_tooling11_6immbe7mnm4wjp8fzww6q80l3$_run_closure1                   : loaded 2 times (x 137B)
Class org.gradle.internal.time.DefaultTimer                                           : loaded 2 times (x 78B)
Class org.gradle.internal.classloader.ClasspathUtil$1                                 : loaded 2 times (x 74B)
Class jdk.internal.jimage.ImageBufferCache$2                                          : loaded 2 times (x 89B)
Class org.gradle.api.internal.classpath.DefaultModuleRegistry$DefaultModule           : loaded 2 times (x 84B)
Class org.gradle.internal.time.DefaultCountdownTimer                                  : loaded 2 times (x 86B)
Class org.gradle.tooling.internal.gradle.DefaultBuildIdentifier                       : loaded 2 times (x 77B)
Class kotlin.Function                                                                 : loaded 2 times (x 68B)
Class org.gradle.api.internal.classpath.Module                                        : loaded 2 times (x 68B)
Class org.gradle.api.internal.classpath.UnknownModuleException                        : loaded 2 times (x 80B)
Class jdk.internal.jimage.ImageHeader                                                 : loaded 2 times (x 69B)
Class com.intellij.openapi.externalSystem.model.project.dependencies.ProjectDependencies: loaded 2 times (x 68B)
Class org.gradle.tooling.internal.gradle.GradleProjectIdentity                        : loaded 2 times (x 68B)
Class org.gradle.api.internal.DefaultClassPathRegistry                                : loaded 2 times (x 74B)
Class org.gradle.api.internal.ClassPathRegistry                                       : loaded 2 times (x 68B)
Class org.gradle.internal.classpath.DefaultClassPath$ImmutableUniqueList              : loaded 2 times (x 197B)
Class jdk.internal.jimage.decompressor.ResourceDecompressor                           : loaded 2 times (x 68B)
Class org.jetbrains.plugins.gradle.model.IntelliJSettings                             : loaded 2 times (x 68B)
Class Settings_gradle$1                                                               : loaded 2 times (x 72B)
Class org.gradle.internal.classpath.ClassPath                                         : loaded 2 times (x 68B)
Class org.jetbrains.kotlin.idea.gradleTooling.KotlinGradleModel                       : loaded 2 times (x 68B)
Class jdk.internal.jimage.ImageStringsReader                                          : loaded 2 times (x 78B)
Class org.gradle.tooling.model.Model                                                  : loaded 2 times (x 68B)
Class kotlin.UninitializedPropertyAccessException                                     : loaded 2 times (x 80B)
Class jdk.internal.jimage.ImageReader                                                 : loaded 2 times (x 73B)
Class org.jetbrains.plugins.gradle.model.IntelliJProjectSettings                      : loaded 2 times (x 68B)
Class jdk.internal.jimage.ImageReader$SharedImageReader                               : loaded 2 times (x 93B)
Class org.gradle.internal.installation.GradleInstallation$1                           : loaded 2 times (x 73B)
Class org.gradle.api.internal.classpath.ModuleRegistry                                : loaded 2 times (x 68B)
Class jdk.internal.jimage.decompressor.ResourceDecompressorFactory                    : loaded 2 times (x 72B)
Class org.jetbrains.plugins.gradle.model.VersionCatalogsModel                         : loaded 2 times (x 68B)
Class jdk.internal.jimage.ImageReader$Node                                            : loaded 2 times (x 82B)
Class org.gradle.api.internal.classpath.DefaultModuleRegistry                         : loaded 2 times (x 84B)
Class jdk.internal.jimage.BasicImageReader$1                                          : loaded 2 times (x 75B)
Class jdk.internal.jimage.BasicImageReader$2                                          : loaded 2 times (x 75B)
Class jdk.internal.jimage.decompressor.Decompressor                                   : loaded 2 times (x 70B)
Class jdk.internal.jimage.ImageReader$Resource                                        : loaded 2 times (x 82B)
Class org.gradle.internal.time.MonotonicClock                                         : loaded 2 times (x 75B)
Class org.gradle.internal.service.ServiceLookupException                              : loaded 2 times (x 80B)
Class jdk.internal.jrtfs.JrtFileAttributes                                            : loaded 2 times (x 81B)
Class org.gradle.internal.classloader.ClassLoaderFactory                              : loaded 2 times (x 68B)
Class org.gradle.internal.service.CachingServiceLocator                               : loaded 2 times (x 80B)
Class org.jetbrains.plugins.gradle.model.RepositoryModels                             : loaded 2 times (x 68B)
Class org.gradle.internal.time.TimeSource                                             : loaded 2 times (x 68B)
Class org.gradle.tooling.internal.gradle.GradleBuildIdentity                          : loaded 2 times (x 68B)
Class kotlin.enums.EnumEntries                                                        : loaded 2 times (x 68B)
Class org.gradle.internal.exceptions.ResolutionProvider                               : loaded 2 times (x 68B)
Class jdk.internal.jimage.ImageBufferCache                                            : loaded 2 times (x 69B)
Class jdk.internal.jrtfs.JrtPath                                                      : loaded 2 times (x 116B)
Class org.gradle.tooling.model.ProjectIdentifier                                      : loaded 2 times (x 68B)
Class org.gradle.internal.classloader.ClasspathUtil                                   : loaded 2 times (x 69B)
Class org.gradle.internal.time.TimeSource$1                                           : loaded 2 times (x 75B)
Class kotlin.jvm.internal.DefaultConstructorMarker                                    : loaded 2 times (x 69B)
Class org.gradle.api.specs.Spec                                                       : loaded 2 times (x 68B)
Class jdk.internal.jimage.ImageReader$SharedImageReader$LocationVisitor               : loaded 2 times (x 68B)
Class jdk.internal.jimage.decompressor.ResourceDecompressorRepository                 : loaded 2 times (x 69B)
Class org.gradle.internal.time.Clock                                                  : loaded 2 times (x 68B)
Class jdk.internal.jimage.ImageReader$Directory                                       : loaded 2 times (x 82B)
Class kotlin.collections.AbstractList                                                 : loaded 2 times (x 195B)
Class kotlin.collections.AbstractCollection                                           : loaded 2 times (x 115B)
Class org.gradle.internal.classloader.VisitableURLClassLoader$InstrumentingVisitableURLClassLoader: loaded 2 times (x 121B)
Class org.gradle.internal.classloader.VisitableURLClassLoader$Spec                    : loaded 2 times (x 72B)
Class org.gradle.internal.classpath.DefaultClassPath                                  : loaded 2 times (x 88B)
Class jdk.internal.jimage.decompressor.ZipDecompressorFactory                         : loaded 2 times (x 72B)
Class org.gradle.internal.classloader.ClassLoaderSpec                                 : loaded 2 times (x 69B)
Class Settings_gradle$1$1                                                             : loaded 2 times (x 72B)
Class kotlin.Unit                                                                     : loaded 2 times (x 69B)
Class org.gradle.internal.classloader.VisitableURLClassLoader                         : loaded 2 times (x 115B)
Class Settings_gradle                                                                 : loaded 2 times (x 122B)
Class org.gradle.internal.Cast                                                        : loaded 2 times (x 69B)
Class org.gradle.api.Action                                                           : loaded 2 times (x 68B)
Class jdk.internal.jimage.decompressor.ZipDecompressor                                : loaded 2 times (x 73B)
Class kotlin.jvm.functions.Function1                                                  : loaded 2 times (x 68B)
Class org.gradle.internal.classpath.DefaultClassPath$ImmutableUniqueList$Builder      : loaded 2 times (x 73B)
Class kotlin.NotImplementedError                                                      : loaded 2 times (x 80B)
Class org.gradle.internal.exceptions.NonGradleCauseExceptionsHolder                   : loaded 2 times (x 68B)
Class jdk.internal.jimage.ImageStrings                                                : loaded 2 times (x 68B)
Class org.jetbrains.plugins.gradle.tooling.ModelBuilderService$Parameter              : loaded 2 times (x 68B)
Class kotlin.enums.EnumEntriesKt                                                      : loaded 2 times (x 69B)
Class org.gradle.internal.IoActions                                                   : loaded 2 times (x 69B)
Class org.gradle.internal.classloader.SystemClassLoaderSpec                           : loaded 2 times (x 69B)
Class org.gradle.internal.exceptions.MultiCauseException                              : loaded 2 times (x 68B)
Class org.gradle.internal.time.CountdownTimer                                         : loaded 2 times (x 68B)
Class kotlin.jvm.internal.Intrinsics                                                  : loaded 2 times (x 69B)
Class jdk.internal.jrtfs.JrtFileSystem                                                : loaded 2 times (x 100B)
Class org.gradle.tooling.model.ProjectModel                                           : loaded 2 times (x 68B)
Class jdk.internal.jimage.decompressor.CompressedResourceHeader                       : loaded 2 times (x 69B)
Class kotlin.KotlinNullPointerException                                               : loaded 2 times (x 81B)
Class org.jetbrains.plugins.gradle.model.tests.ExternalTestsModel                     : loaded 2 times (x 68B)
Class org.gradle.internal.exceptions.DefaultMultiCauseException                       : loaded 2 times (x 93B)
Class org.gradle.internal.time.Time                                                   : loaded 2 times (x 69B)
Class org.jetbrains.plugins.gradle.model.DependencyAccessorsModel                     : loaded 2 times (x 68B)
Class ijInit1_3ed6pz1ht6j7z15o870cu3myg$_run_closure1                                 : loaded 2 times (x 138B)
Class org.gradle.api.internal.classpath.GlobalCacheRootsProvider                      : loaded 2 times (x 68B)
Class org.jetbrains.kotlin.idea.gradleTooling.KotlinMPPGradleModel                    : loaded 2 times (x 68B)
Class org.gradle.tooling.model.BuildIdentifier                                        : loaded 2 times (x 68B)
Class org.jetbrains.kotlin.idea.gradleTooling.PrepareKotlinIdeImportTaskModel         : loaded 2 times (x 68B)
Class org.gradle.internal.time.Timer                                                  : loaded 2 times (x 68B)
Class kotlin.jvm.internal.markers.KMappedMarker                                       : loaded 2 times (x 68B)
Class org.gradle.internal.installation.CurrentGradleInstallationLocator               : loaded 2 times (x 69B)
Class org.gradle.internal.service.DefaultServiceLocator                               : loaded 2 times (x 81B)
Class jdk.internal.jrtfs.JrtDirectoryStream                                           : loaded 2 times (x 87B)
Class org.gradle.util.GradleVersion                                                   : loaded 2 times (x 77B)
Class org.gradle.internal.installation.CurrentGradleInstallation                      : loaded 2 times (x 71B)
Class org.jetbrains.plugins.gradle.javaModel.JavaGradleManifestModel                  : loaded 2 times (x 68B)
Class org.gradle.util.internal.GUtil                                                  : loaded 2 times (x 69B)
Class org.gradle.internal.installation.GradleInstallation                             : loaded 2 times (x 73B)
Class jdk.internal.jimage.decompressor.ResourceDecompressor$StringsProvider           : loaded 2 times (x 68B)

---------------  S Y S T E M  ---------------

OS:
 Windows 10 , 64 bit Build 19041 (10.0.19041.5915)
OS uptime: 0 days 2:07 hours
Hyper-V role detected

CPU: total 4 (initial active 4) (2 cores per cpu, 2 threads per core) family 6 model 60 stepping 3 microcode 0x27, cx8, cmov, fxsr, ht, mmx, sse, sse2, sse3, ssse3, sse4.1, sse4.2, popcnt, lzcnt, tsc, tscinvbit, avx, avx2, aes, erms, clmul, bmi1, bmi2, fma, vzeroupper, clflush, hv, rdtscp, f16c
Processor Information for the first 4 processors :
  Max Mhz: 2801, Current Mhz: 2801, Mhz Limit: 2801

Memory: 4k page, system-wide physical 12175M (664M free)
TotalPageFile size 14031M (AvailPageFile size 2068M)
current process WorkingSet (physical memory assigned to process): 1074M, peak: 1078M
current process commit charge ("private bytes"): 1093M, peak: 1099M

vm_info: OpenJDK 64-Bit Server VM (21.0.7+-13880790-b1038.58) for windows-amd64 JRE (21.0.7+-13880790-b1038.58), built on 2025-08-04T20:56:21Z by "builder" with MS VC++ 16.10 / 16.11 (VS2019)

END.
